name,foodname, price 
지코바치킨-산수1호점,소금구이치킨,18000
지코바치킨-산수1호점,양념치킨,19000
호식이두마리치킨-광주서석점,후라이드치킨,15000
호식이두마리치킨-광주서석점,땅콩카라멜치킨,18000
호식이두마리치킨-광주서석점,간장치킨,18000
푸라닭-광주백운점,푸라닭치킨,16900
푸라닭-광주백운점,달콤양념치킨,18900
푸라닭-광주백운점,고추마요치킨,18900
푸라닭-광주백운점,블랙마요치킨,20900
푸라닭-광주백운점,블랙투움바치킨,21900
푸라닭-광주백운점,블랙악마치킨,20900
푸라닭-광주조선대점,푸라닭치킨,16900
푸라닭-광주조선대점,달콤양념치킨,18900
푸라닭-광주조선대점,고추마요치킨,18900
푸라닭-광주조선대점,블랙마요치킨,20900
푸라닭-광주조선대점,블랙투움바치킨,21900
푸라닭-광주조선대점,블랙악마치킨,20900
네네치킨-산수점,후라이드치킨,16000
네네치킨-산수점,코찡마요치킨,19000
네네치킨-산수점,청양마요치킨,19000
네네치킨-산수점,레드마요치킨,19000
네네치킨-산수점,소이갈릭치킨,19000
네네치킨-산수점,파닭치킨,19000
KFC-광주충장로점,오리지널치킨,21200
KFC-광주충장로점,블랙라벨치킨,22000
KFC-광주충장로점,양념치킨,23600
KFC-광주충장로점,바베큐치킨,25200
3가지맛투존치킨-조선대점,후라이드치킨,17000
3가지맛투존치킨-조선대점,마늘간장치킨,18000
3가지맛투존치킨-조선대점,양념치킨,18000
3가지맛투존치킨-조선대점,어니언치킨,18900
맘스터치-광주충장점,후라이드치킨,16900
맘스터치-광주충장점,양념치킨,18900
맘스터치-광주충장점,간장마늘치킨,18900
맘스터치-광주충장점,허니버터치킨,18900
맘스터치-광주충장점,군옥수수치킨,18900
맘스터치-광주충장점,체다치킨,18900
교촌치킨-학동점,교촌오리지날치킨,16000
교촌치킨-학동점,교촌허니오리지날치킨,16000
교촌치킨-학동점,교촌레드오리지날치킨,17000
교촌치킨-학동점,블랙시크릿오리지날치킨,20000
굽네치킨&피자-방림양림점,오리지널치킨,16000
굽네치킨&피자-방림양림점,고추바사삭치킨,18000
굽네치킨&피자-방림양림점,불금치킨,18000
굽네치킨&피자-방림양림점,볼케이노치킨,18000
굽네치킨&피자-방림양림점,갈비천왕치킨,18000
굽네치킨&피자-방림양림점,갈릭마왕치킨,18000
아주커치킨-조대점,후라이드치킨,17000
아주커치킨-조대점,양념치킨,18000
아주커치킨-조대점,간장치킨,18000
아주커치킨-조대점,매콤양념치킨,19000
아주커치킨-산수점,후라이드치킨,17000
아주커치킨-산수점,양념치킨,18000
아주커치킨-산수점,간장치킨,18000
아주커치킨-산수점,매콤양념치킨,19000
굽네치킨&피자-광주두암점,오리지널치킨,16000
굽네치킨&피자-광주두암점,고추바사삭치킨,18000
굽네치킨&피자-광주두암점,불금치킨,18000
굽네치킨&피자-광주두암점,볼케이노치킨,18000
굽네치킨&피자-광주두암점,갈비천왕치킨,18000
굽네치킨&피자-광주두암점,갈릭마왕치킨,18000
교촌치킨-조선대점,교촌오리지날치킨,16000
교촌치킨-조선대점,교촌허니오리지날치킨,16000
교촌치킨-조선대점,교촌레드오리지날치킨,17000
교촌치킨-조선대점,블랙시크릿오리지날치킨,20000
호식이두마리치킨-지산산수점,후라이드치킨,15000
호식이두마리치킨-지산산수점,땅콩카라멜치킨,18000
호식이두마리치킨-지산산수점,간장치킨,18000
호식이두마리치킨-신안점,후라이드치킨,15000
호식이두마리치킨-신안점,땅콩카라멜치킨,18000
호식이두마리치킨-신안점,간장치킨,18000
둘마리깻잎순살치킨,후라이드치킨,17000
둘마리깻잎순살치킨,양념치킨,18000
둘마리깻잎순살치킨,허브치킨,18000
둘마리깻잎순살치킨,간장치킨,19000
둘마리깻잎순살치킨,뿌링클치킨,19000
둘마리깻잎순살치킨,양파치킨,19000
BBQ-광주동명점,후라이드치킨,20000
BBQ-광주동명점,양념치킨,21500
BBQ-광주동명점,자메이치킨,21500
BBQ-광주동명점,깐풍치킨,22000
BBQ-광주동명점,블랙페퍼치킨,21000
BBQ-광주동명점,레드착착치킨,21000
오븐에구운훈제치킨두마리-두암점,훈제치킨,14900
오븐에구운훈제치킨두마리-두암점,매콤훈제치킨,15900
순살만공격-산수점,후라이드치킨,15900
순살만공격-산수점,양념치킨,17900
순살만공격-산수점,스모크칠리바베큐치킨,17900
순살만공격-산수점,간장바베큐치킨,17900
순살만공격-산수점,고추블링치킨,17900
순살만공격-산수점,쏘이알리오치킨,17900
굽네치킨&피자-광주학동점,오리지널치킨,16000
굽네치킨&피자-광주학동점,고추바사삭치킨,18000
굽네치킨&피자-광주학동점,불금치킨치킨,18000
굽네치킨&피자-광주학동점,볼케이노치킨,18000
굽네치킨&피자-광주학동점,갈비천왕치킨,18000
굽네치킨&피자-광주학동점,갈릭마왕치킨,18000
롯데리아-광주금남로점,후라이드치킨,16300
BHC-광주금남로27번가점,뿌링클치킨,18000
BHC-광주금남로27번가점,후라이드치킨,18000
BHC-광주금남로27번가점,골드킹치킨,17000
BHC-광주금남로27번가점,마초킹치킨,18000
BHC-광주금남로27번가점,레드킹치킨,19000
BHC-광주금남로27번가점,커리퀸치킨,18000
깐튀남-동구점,후라이드치킨,16000
깐튀남-동구점,양념치킨,16000
60계치킨-광주동명계림점,후라이드치킨,17900
60계치킨-광주동명계림점,양념치킨,18900
60계치킨-광주동명계림점,호랑이치킨,19900
60계치킨-광주동명계림점,간지치킨,19900
60계치킨-광주동명계림점,고추치킨,19900
60계치킨-광주동명계림점,짜장치킨,19900
꾸브라꼬숯불두마리치킨-계림점,후라이드치킨,17000
꾸브라꼬숯불두마리치킨-계림점,양념치킨,18000
꾸브라꼬숯불두마리치킨-계림점,간장치킨,18000
꾸브라꼬숯불두마리치킨-계림점,데리야끼치킨,18000
꾸브라꼬숯불두마리치킨-계림점,소금구이치킨,17000
굽네치킨&피자-광주계림금남로점,오리지널치킨,16000
굽네치킨&피자-광주계림금남로점,고추바사삭치킨,18000
굽네치킨&피자-광주계림금남로점,불금치킨,18000
굽네치킨&피자-광주계림금남로점,볼케이노치킨,18000
굽네치킨&피자-광주계림금남로점,갈비천왕치킨,18000
굽네치킨&피자-광주계림금남로점,갈릭마왕치킨,18000
롯데리아-광주학동점,후라이드치킨,16300
롯데리아-광주충장점,후라이드치킨,16300
부리나치킨-동명점,후라이드치킨,17900
부리나치킨-동명점,양념치킨,18900
부리나치킨-동명점,양념바베큐치킨,19900
부리나치킨-동명점,소금구이바베큐치킨,18900
부리나치킨-동명점,데리야끼치킨,18900
방림통닭,후라이드치킨,20000
방림통닭,양념치킨,21000
BBQ-광주계림센트럴점,후라이드치킨,20000
BBQ-광주계림센트럴점,양념치킨,21500
BBQ-광주계림센트럴점,자메이카치킨,21500
BBQ-광주계림센트럴점,깐풍치킨,22000
BBQ-광주계림센트럴점,블랙페퍼치킨,21000
BBQ-광주계림센트럴점,레드착착치킨,21000
걸작떡볶이치킨-조선대점,후라이드치킨,15000
걸작떡볶이치킨-조선대점,양념치킨,16000
걸작떡볶이치킨-조선대점,레몬크림새우치킨,19000
걸작떡볶이치킨-조선대점,찐맵치킨,19000
피자나라치킨공주-광주조선대점,후라이드치킨,14000
피자나라치킨공주-광주조선대점,양념치킨,15000
피자나라치킨공주-광주조선대점,눈꽃제로치킨,20000
피자나라치킨공주-광주조선대점,맵고마치킨,18000
피자나라치킨공주-광주조선대점,고추깐풍치킨,18000
피자나라치킨공주-광주조선대점,허니갈릭치킨,17000
월클이닭,후라이드치킨,14000
월클이닭,양념치킨,15000
월클이닭,고추간장치킨,17000
월클이닭,매콤양념치킨,16000
월클이닭,어니언치킨,17000
서동치킨,후라이드치킨,19000
서동치킨,양념치킨,20000
후라이드명가문동치킨,후라이드치킨,20000
후라이드명가문동치킨,양념치킨,22000
후라이드명가문동치킨,간장치킨,21000
88켄터키치킨-방림점,후라이드치킨,16000
88켄터키치킨-방림점,양념치킨,17000
88켄터키치킨-방림점,간장치킨,17000
맘스터치-광주조선대점,후라이드치킨,16900
맘스터치-광주조선대점,양념치킨,18900
맘스터치-광주조선대점,간장마늘치킨,18900
맘스터치-광주조선대점,허니버터치킨,18900
맘스터치-광주조선대점,군옥수수치킨,18900
맘스터치-광주조선대점,체다치킨,18900
만계치킨-본점,후라이드치킨,15000
만계치킨-본점,양념치킨,16000
만계치킨-본점,간장치킨,16000
만계치킨-본점,땡초치킨,17000
만계치킨-본점,청량치킨,17000
자담치킨-광주학동점,후라이드치킨,19000
자담치킨-광주학동점,불패치킨,21000
자담치킨-광주학동점,맵슐랭치킨,21000
자담치킨-광주학동점,스리라차치킨,21000
맘스터치-학동방림점,후라이드치킨,16900
맘스터치-학동방림점,양념치킨,18900
맘스터치-학동방림점,간장마늘치킨,18900
맘스터치-학동방림점,허니버터치킨,18900
맘스터치-학동방림점,군옥수수치킨,18900
맘스터치-학동방림점,체다치킨,18900
맥시칸치킨-두암점,후라이드치킨,16000
맥시칸치킨-두암점,양념치킨,17000
맥시칸치킨-두암점,간장치킨,17000
광주오리날개튀김,옛날치킨,9000
자담치킨-광주전대점,후라이드치킨,19000
자담치킨-광주전대점,불패치킨,21000
자담치킨-광주전대점,맵슐랭치킨,21000
자담치킨-광주전대점,스리라차치킨,21000
오빠통닭-계림점,옛날치킨,19000
오빠통닭-계림점,후라이드치킨,20000
오빠통닭-계림점,양념치킨,21000
오빠통닭-계림점,간장치킨,21000
처갓집양념치킨-학동방림점,후라이드치킨,18000
처갓집양념치킨-학동방림점,슈프림골드양념치킨,22000
처갓집양념치킨-학동방림점,슈프림양념치킨,21000
처갓집양념치킨-학동방림점,간장치킨,20000
처갓집양념치킨-학동방림점,매운불양념치킨,20000
처갓집양념치킨-학동방림점,허니올리고양념치킨,19000
인생깐풍기,후라이드치킨,18000
인생깐풍기,양념치킨,19000
치교치밥-조대점,후라이드치킨,17900
박가네깐풍기찜닭-백운점,깐풍치킨,19000
오늘여기치킨&돈까스,후라이드치킨,19000
오늘여기치킨&돈까스,양념치킨,20000
오늘여기치킨&돈까스,간장치킨,20000
오늘여기치킨&돈까스,핫치킨,20000
오늘여기치킨&돈까스,화이트어니언치킨,21000
롯데리아-계림점,후라이드치킨,16300
IJ치킨,후라이드치킨,16000
IJ치킨,양념치킨,17000
IJ치킨,소이후라이드치킨,17000
IJ치킨,파닭치킨,18000
IJ치킨,화이트어니언치킨,18000
13월치킨똥집,후라이드치킨,12000
13월치킨똥집,양념치킨,13000
13월치킨똥집,뿌링클치킨,13000
13월치킨똥집,마늘간장치킨,13000
우린청춘닭,후라이드치킨,14000
우린청춘닭,양념치킨,14000
우린청춘닭,간장치킨,14000
우린청춘닭,허니버터치킨,14000
우린청춘닭,치즈닝치킨,14000
순살맛있는닭,후라이드치킨,17000
순살맛있는닭,양념치킨,18000
순살맛있는닭,간장치킨,18000
순살맛있는닭,핫치킨,18000
또래오래-전남대점,후라이드치킨,17000
또래오래-전남대점,갈릭플러스치킨,18000
또래오래-전남대점,양념치킨,18000
또래오래-전남대점,핫양념치킨,19000
또래오래-전남대점,파닭치킨,19000
또래오래-전남대점,핫뿌레이크치킨,20000
브라보치킨피자-조선대점,후라이드치킨,14900
브라보치킨피자-조선대점,애플어니언치킨,15900
브라보치킨피자-조선대점,양념치킨,15900
브라보치킨피자-조선대점,마늘간장치킨,15900
후라이드참잘하는집-조대점,후라이드치킨,15000
후라이드참잘하는집-조대점,양념치킨,16000
후라이드참잘하는집-조대점,간장치킨,16000
후라이드참잘하는집-조대점,눈꽃치즈치킨,16000
후라이드참잘하는집-조대점,허니버터치킨,16000
후라이드참잘하는집-조대점,핫토스치킨,16000
노랑통닭-광주학동점,후라이드치킨,18000
노랑통닭-광주학동점,간장치킨,21000
노랑통닭-광주학동점,고추장치킨,21000
노랑통닭-광주학동점,마늘치킨,21000
노랑통닭-광주학동점,깐풍치킨,20000
자담치킨-월산점,후라이드치킨,19000
자담치킨-월산점,불패치킨,21000
자담치킨-월산점,맵슐랭치킨,21000
자담치킨-월산점,스리라차치킨,21000
통닭꼬치GO,옛날통닭치킨,8000
지코바치킨-주월1호점,소금구이치킨,18000
지코바치킨-주월1호점,양념치킨,19000
네고치킨-조대본점,후라이드치킨,17500
네고치킨-조대본점,양념치킨,19000
네고치킨-조대본점,간장치킨,19000
네고치킨-조대본점,허니버터치킨,20000
네고치킨-조대본점,핫치킨,19000
BBQ-광주계림중앙점,후라이드치킨,20000
BBQ-광주계림중앙점,양념치킨,21500
BBQ-광주계림중앙점,자메이카치킨,21500
BBQ-광주계림중앙점,깐풍치킨,22000
BBQ-광주계림중앙점,블랙페퍼치킨,21000
BBQ-광주계림중앙점,레드착착치킨,21000
가마로강정-광주충파점,후라이드치킨,11500
가마로강정-광주충파점,불땡초치킨,11500
가마로강정-광주충파점,마늘간장치킨,11500
가마로강정-광주충파점,사천깐풍치킨,11500
자담치킨-광주계림점,후라이드치킨,19000
자담치킨-광주계림점,불패치킨,21000
자담치킨-광주계림점,맵슐랭치킨,21000
자담치킨-광주계림점,스리라차치킨,21000
인생치킨-동구점,후라이드치킨,18000
인생치킨-동구점,양념치킨,19000
인생치킨-동구점,수원왕갈비치킨,20000
인생치킨-동구점,옛날통닭치킨,13000
자담치킨-광주산수지산점,후라이드치킨,19000
자담치킨-광주산수지산점,불패치킨,21000
자담치킨-광주산수지산점,맵슐랭치킨,21000
자담치킨-광주산수지산점,스리라차치킨,21000
멕시카나-방림점,후라이드치킨,17000
멕시카나-방림점,양념치킨,18000
멕시카나-방림점,간장치킨,18000
멕시카나-방림점,땡초치킨,19000
멕시카나-방림점,깐풍치킨,20000
고래통닭,후라이드치킨,17500
고래통닭,양념치킨,18500
고래통닭,마늘간장치킨,19500
동네통닭,후라이드치킨,16000
동네통닭,양념치킨,17000
동네통닭,간장치킨,17000
2030치킨,후라이드치킨,15000
2030치킨,양념치킨,16000
2030치킨,핫양념치킨,17000
2030치킨,마늘간장치킨,17000
2030치킨,핫마늘간장치킨,18000
아주커치킨-전대병원점,후라이드치킨,17000
아주커치킨-전대병원점,양념치킨,18000
아주커치킨-전대병원점,간장치킨,18000
아주커치킨-전대병원점,매콤양념치킨,19000
수타짱임실치즈피자,불고기피자,18000
수타짱임실치즈피자,치킨바베큐피자,18000
수타짱임실치즈피자,포테이토피자,18000
수타짱임실치즈피자,고구마피자,18000
수타짱임실치즈피자,슈퍼콤비네이션피자,16000
수타짱임실치즈피자,야채피자,16000
수타짱임실치즈피자,치즈피자,16000
수타짱임실치즈피자,페퍼로니피자,16000
피자헛-광주충장로점,불고기피자,28500
피자헛-광주충장로점,페퍼로니피자,21500
피자헛-광주충장로점,슈림프피자,26500
피자헛-광주충장로점,립스테이크피자,29900
피자헛-광주충장로점,하와이피자,26500
피자알볼로-동광주점,불고기피자,13000
피자알볼로-동광주점,야채피자,13000
피자알볼로-동광주점,치즈피자,13000
피자알볼로-동광주점,하와이피자,13000
피자알볼로-동광주점,페퍼로니피자,13000
도미노피자-광주금남로점,포테이토피자,27900
도미노피자-광주금남로점,블랙타이거슈림프피자,36900
도미노피자-광주금남로점,슈퍼디렉스피자,28900
도미노피자-광주금남로점,블랙앵거스 피자,35900
도미노피자-광주금남로점,고구마피자,30900
빅스타피자-광주동구점,체다치즈피자,18800
빅스타피자-광주동구점,페퍼로니피자,18800
빅스타피자-광주동구점,포테이토피자,18800
빅스타피자-광주동구점,불고기피자,19800
빅스타피자-광주동구점,고르곤졸라피자,19800
빅스타피자-광주동구점,고구마피자,20800
빅스타피자-광주동구점,하와이안피자,20800
네오피자-광주1호점,콤비네이션피자,16900
네오피자-광주1호점,고구마피자,16900
네오피자-광주1호점,포테이토피자,16900
네오피자-광주1호점,베이컨피자,16900
네오피자-광주1호점,하와이안피자,16900
네오피자-광주1호점,불고기피자,16900
네오피자-광주1호점,치킨바베큐피자,16900
네오피자-광주1호점,페퍼로니피자,16900
굽네치킨&피자-광주계림금남로점,바비큐시카고피자,18000
굽네치킨&피자-광주계림금남로점,시카고피자,17500
굽네치킨&피자-광주계림금남로점,그릴드비프피자,17000
굽네치킨&피자-광주계림금남로점,포테이토피자,17000
굽네치킨&피자-광주계림금남로점,페퍼로니피자,17000
7번가피자-충장로점,불고기피자,26900
7번가피자-충장로점,슈퍼콤비네이션피자,26900
7번가피자-충장로점,페퍼로니피자,26900
7번가피자-충장로점,고르곤졸라피자,26900
7번가피자-충장로점,치킨할라피뇨피자,26900
피굽남피자-광주5호점,고구마피자,18900
피굽남피자-광주5호점,불고기피자,19900
피굽남피자-광주5호점,체다치즈피자,18900
피굽남피자-광주5호점,포테이토피자,18900
피굽남피자-광주5호점,콤비네이션피자,18900
피굽남피자-광주5호점,고르곤졸라피자,18900
피자나라치킨공주-광주조선대점,콤비네이션피자,13900
피자나라치킨공주-광주조선대점,바비큐피자,17900
피자나라치킨공주-광주조선대점,고구마피자,16900
피자나라치킨공주-광주조선대점,페퍼로니피자,13900
피자나라치킨공주-광주조선대점,치즈피자,13900
피자오래-남구점,클래식피자,21900
피자오래-남구점,스페셜피자,22900
피자오래-남구점,프리미엄피자,26900
피자오래-남구점,불고기피자,17900
피자오래-남구점,포테이토피자,20900
피자플래넷-남구점,불고기피자,16900
피자플래넷-남구점,페퍼로니피자,17900
피자플래넷-남구점,콤비네이션피자,17900
피자플래넷-남구점,고구마피자,17900
피자플래넷-남구점,만수르피자,25900
청년피자-양림점,불고기피자,18900
청년피자-양림점,야채피자,18900
청년피자-양림점,하와이안피자,18900
청년피자-양림점,슈퍼슈림프피자,18900
청년피자-양림점,페퍼로니피자,18900
청년피자-양림점,포테이토피자,18900
난타5000피자-계림점,고구마피자,20000
난타5000피자-계림점,스테이크피자,20000
난타5000피자-계림점,불고기피자,19000
난타5000피자-계림점,베이컨피자,19000
난타5000피자-계림점,핫치킨피자,19000
업텐브로피자-4호점,불고기피자,18900
업텐브로피자-4호점,고구마피자,18900
업텐브로피자-4호점,포테이토피자,18900
업텐브로피자-4호점,페퍼로니피자,18900
업텐브로피자-4호점,크림치즈고구마피자,18900
왕손피자-동구점,치즈피자,18900
왕손피자-동구점,야채피자,18900
왕손피자-동구점,하와이안피자,19900
왕손피자-동구점,콤비네이션피자,19900
왕손피자-동구점,페퍼로니피자,19900
꽃보다사랑피자서구점,시카고피자,26900
꽃보다사랑피자서구점,페퍼로니피자,28900
꽃보다사랑피자서구점,불고기피자,23900
꽃보다사랑피자서구점,고구마피자,24900
꽃보다사랑피자서구점,콤비네이션피자,23900
영구스피자-광주두암점,불고기피자,22900
영구스피자-광주두암점,페퍼로니피자,22900
영구스피자-광주두암점,슈퍼슈림프피자,22900
영구스피자-광주두암점,치즈피자,22900
영구스피자-광주두암점,포테이토피자,22900
피자런-남구직영점,불고기피자,15900
피자런-남구직영점,치즈피자,14900
피자런-남구직영점,페퍼로니피자,15900
피자런-남구직영점,하와이안피자,15900
피자런-남구직영점,콤비네이션피자,15900
짱구피자(서석동),고구마피자,16000
짱구피자(서석동),포테이토피자,16000
짱구피자(서석동),치킨바베큐피자,16000
짱구피자(서석동),불고기피자,16000
짱구피자(서석동),쉬림프피자,20000
7번가피자-학동점,불고기피자,26900
7번가피자-학동점,슈퍼콤비네이션피자,26900
7번가피자-학동점,페퍼로니피자,26900
7번가피자-학동점,고르곤졸라피자,26900
7번가피자-학동점,치킨할라피뇨피자,26900
피자탑-무등점,불고기피자,17900
피자탑-무등점,고구마피자,17900
피자탑-무등점,콤비네이션피자,16900
피자탑-무등점,바베큐치킨피자,17900
피자탑-무등점,페퍼로니피자,16900
굽네치킨&피자-풍향산수점,바비큐시카고피자,18000
굽네치킨&피자-풍향산수점,시카고피자,17500
굽네치킨&피자-풍향산수점,그릴드비프피자,17000
굽네치킨&피자-풍향산수점,포테이토피자,17000
굽네치킨&피자-풍향산수점,페퍼로니피자,17000
굽네치킨&피자-광주두암점,바비큐시카고피자,18000
굽네치킨&피자-광주두암점,시카고피자,17500
굽네치킨&피자-광주두암점,그릴드비프피자,17000
굽네치킨&피자-광주두암점,포테이토피자,17000
굽네치킨&피자-광주두암점,페퍼로니피자,17000
난타5000피자-방림점,고구마피자,20000
난타5000피자-방림점,스테이크피자,20000
난타5000피자-방림점,불고기피자,19000
난타5000피자-방림점,베이컨피자,19000
난타5000피자-방림점,핫치킨피자,19000
티이티디,핫치킨피자,20000
티이티디,불고기피자,20000
티이티디,페퍼로니피자,20000
굽네치킨&피자-광주학동점,바비큐시카고피자,18000
굽네치킨&피자-광주학동점,시카고피자,17500
굽네치킨&피자-광주학동점,그릴드비프피자,17000
굽네치킨&피자-광주학동점,포테이토피자,17000
굽네치킨&피자-광주학동점,페퍼로니피자,17000
난타5000피자-무등시장점,고구마피자,20000
난타5000피자-무등시장점,스테이크피자,20000
난타5000피자-무등시장점,불고기피자,19000
난타5000피자-무등시장점,베이컨피자,19000
난타5000피자-무등시장점,핫치킨피자,19000
피굽남피자-광주9호점,고구마피자,18900
피굽남피자-광주9호점,불고기피자,19900
피굽남피자-광주9호점,체다치즈피자,18900
피굽남피자-광주9호점,포테이토피자,18900
피굽남피자-광주9호점,콤비네이션피자,18900
피굽남피자-광주9호점,고르곤졸라피자,18900
임실치즈피자-충장점,고구마피자,16000
임실치즈피자-충장점,콤비네이션피자,16000
임실치즈피자-충장점,불고기피자,16000
임실치즈피자-충장점,야채피자,16000
임실치즈피자-충장점,포테이토피자,16000
임실치즈피자-충장점,치킨피자,19000
임실치즈피자-북구두암점,고구마피자,16000
임실치즈피자-북구두암점,콤비네이션피자,16000
임실치즈피자-북구두암점,불고기피자,16000
임실치즈피자-북구두암점,야채피자,16000
임실치즈피자-북구두암점,포테이토피자,16000
임실치즈피자-북구두암점,치킨피자,19000
빨간토마토피자-직영점,불고기피자,17000
빨간토마토피자-직영점,콤비네이션피자,17000
빨간토마토피자-직영점,고구마피자,19000
빨간토마토피자-직영점,포테이토피자,20000
빨간토마토피자-직영점,하와이언피자,20000
브라보치킨피자-조선대점,불고기피자,18900
브라보치킨피자-조선대점,콤비네이션피자,18900
브라보치킨피자-조선대점,페퍼로니피자,18900
브라보치킨피자-조선대점,고르곤졸라피자,18900
브라보치킨피자-조선대점,하와이안피자,18900
브라보치킨피자-조선대점,고구마피자,18900
피자파는집-조선대점,포테이토피자,18900
피자파는집-조선대점,고구마피자,18900
피자파는집-조선대점,불닭바베큐피자,18900
피자파는집-조선대점,하와이안피자,18900
피자파는집-조선대점,페퍼로니피자,18900
피자파는집-조선대점,슈퍼콤비네이션피자,18900
류길상피자-광주1호점,슈프림피자,14900
류길상피자-광주1호점,콤비네이션피자,13900
류길상피자-광주1호점,불고기피자,15900
류길상피자-광주1호점,포테이토피자,13900
류길상피자-광주1호점,고구마피자,13900
류길상피자-광주1호점,뉴욕치즈피자,13900
커피주는1번가피자,콤비네이션피자,18900
커피주는1번가피자,불고기피자,18900
커피주는1번가피자,야채피자,18900
커피주는1번가피자,페퍼로니피자,18900
커피주는1번가피자,콤비네이션피자,20900
유로코피자-광주동구점,소시지피자,16900
유로코피자-광주동구점,페퍼로니피자,16900
유로코피자-광주동구점,고구마피자,16900
유로코피자-광주동구점,체다치즈피자,16900
유로코피자-광주동구점,고르곤졸라피자,16900
유로코피자-광주동구점,슈퍼슈프림피자,16900
피자플래넷-광주동구점,불고기피자,16900
피자플래넷-광주동구점,페퍼로니피자,17900
피자플래넷-광주동구점,콤비네이션피자,17900
피자플래넷-광주동구점,고구마피자,17900
피자플래넷-광주동구점,만수르피자,25900
파인트리-양림본점,파인트리피자,19000
파인트리-양림본점,고르곤졸라피자,17000
메가토핑피자몰-광주점,불고기피자,18900
메가토핑피자몰-광주점,고구마피자,16900
메가토핑피자몰-광주점,스테이크피자,29900
메가토핑피자몰-광주점,투움바쉬림프피자,19900
메가토핑피자몰-광주점,감자피자,15900
메가토핑피자몰-광주점,옥수수피자,12900
상무칡냉면1978-중흥점,칡물냉면,8000
상무칡냉면1978-중흥점,칡비빔냉면,8000
상무칡냉면1978-중흥점,매콤냉면,9000
상무칡냉면1978-중흥점,매콤비빔냉면,9000
백종원의역전우동&덮밥-광주충장로점,볶은우동,6000
백종원의역전우동&덮밥-광주충장로점,옛날우동,4300
백종원의역전우동&덮밥-광주충장로점,김치우동,4900
백종원의역전우동&덮밥-광주충장로점,오뎅우동,5300
백종원의역전우동&덮밥-광주충장로점,새우튀김우동,6100
백종원의역전우동&덮밥-광주충장로점,모둠어묵우동,6500
백종원의역전우동&덮밥-광주충장로점,소불고기우동,6500
백종원의역전우동&덮밥-광주충장로점,냉우동,5900
백종원의역전우동&덮밥-광주충장로점,카레우동,6500
백종원의역전우동&덮밥-광주충장로점,냉모밀,5900
백종원의역전우동&덮밥-광주충장로점,들기름모밀,5900
좋은국밥,모듬곱창전골 ,39000
좋은국밥,곱창전골,28000
좋은국밥,모듬국밥,8500
좋은국밥,고기국밥,8500
좋은국밥,머리국밥,8500
좋은국밥,암뽕국밥,8500
좋은국밥,내장국밥,7500
좋은국밥,순대국밥,7500
좋은국밥,콩나물국밥,6000
좋은국밥,김치찌개,7000
좋은국밥,모듬순대국밥,8000
오빠네돼지찌개&김치찌개-본점,모듬국밥,9000
오빠네돼지찌개&김치찌개-본점,얼큰머리해장국,9000
오빠네돼지찌개&김치찌개-본점,머리국밥,9000
오빠네돼지찌개&김치찌개-본점,내장국밥,9000
오빠네돼지찌개&김치찌개-본점,순대국밥,9000
오빠네돼지찌개&김치찌개-본점,사골뼈해장국,10000
오빠네돼지찌개&김치찌개-본점,왕뼈갈비탕,13000
오빠네돼지찌개&김치찌개-본점,모듬곱창전골,30000
오빠네돼지찌개&김치찌개-본점,한우육회비빔밥,10000
오빠네돼지찌개&김치찌개-본점,한우익힌비빔밥,10000
오빠네돼지찌개&김치찌개-본점,기본 비빔밥,7000
오빠네돼지찌개&김치찌개-본점,참치비빔밥,8000
오빠네돼지찌개&김치찌개-본점,우삼겹비빔밥,9000
오빠네돼지찌개&김치찌개-본점,대패삼겹 비빔밥,9000
오빠네돼지찌개&김치찌개-본점,김치볶음밥,8000
오빠네돼지찌개&김치찌개-본점,삼겹살 김치볶음밥,10000
오빠네돼지찌개&김치찌개-본점,육개장 소곱창 전골,11000
오빠네돼지찌개&김치찌개-본점,육개장 닭 전골,10000
오빠네돼지찌개&김치찌개-본점,육개장 돼지찌개,10000
오빠네돼지찌개&김치찌개-본점,소고기사골떡국,10000
오빠네돼지찌개&김치찌개-본점,소고기무우국,10000
오빠네돼지찌개&김치찌개-본점,돼지 김치찌개,10000
김밥나라-구시청점,우엉김밥,3000
김밥나라-구시청점,참치김밥,3500
김밥나라-구시청점,치즈김밥,3500
김밥나라-구시청점,샐러드김밥,3500
김밥나라-구시청점,김치김밥,3500
김밥나라-구시청점,매운고추김밥,3500
김밥나라-구시청점,멸치김밥,4000
김밥나라-구시청점,계란말이김밥,4500
김밥나라-구시청점,고추참치김밥,4000
김밥나라-구시청점,소고기김밥,4000
김밥나라-구시청점,통큰소시지김밥,4000
김밥나라-구시청점,새우김밥,4000
김밥나라-구시청점,치즈크러스트김밥,4000
김밥나라-구시청점,돈까스김밥,4000
김밥나라-구시청점,김치돈까스김밥,4500
명품한우육회비빔밥,한우 육회비빔밥,11000
명품한우육회비빔밥,한우 육회익힘비빔밥,11000
명품한우육회비빔밥,기본 야채비빔밥,7000
명품한우육회비빔밥,참치 비빔밥,8000
명품한우육회비빔밥,우삼겹 비빔밥,9000
명품한우육회비빔밥,대패 삼겹비빔밥,9000
명품한우육회비빔밥,김치찌개,11000
명품한우육회비빔밥,참치찌개,11000
명품한우육회비빔밥,왕 소갈비탕,13000
명품한우육회비빔밥,뼈 해장국,10000
명품한우육회비빔밥,소고기 사골떡국,10000
명품한우육회비빔밥,한우 소곱창 전골,15000
명품한우육회비빔밥,한우 소대창 전골,15000
바르다김선생-광주충장로점,치즈 가락 떡볶이,9300
바르다김선생-광주충장로점,가락 떡볶이,7900
바르다김선생-광주충장로점,로제 가락 떡볶이,10000
바르다김선생-광주충장로점,새우 딤섬튀김 카레우동,9300
바르다김선생-광주충장로점,쫄깃 냉우동,7500
바르다김선생-광주충장로점,바른 멸치국수,6900
바르다김선생-광주충장로점,해물 짬뽕 라면,6800
바르다김선생-광주충장로점,김선생 비빔면,7400
바르다김선생-광주충장로점,닭가슴살 냉국수,8500
바르다김선생-광주충장로점,콩국수,9000
바르다김선생-광주충장로점,안동국수,7500
바르다김선생-광주충장로점,어묵튀김 우동,6900
바르다김선생-광주충장로점,등심 돈까스,9000
바르다김선생-광주충장로점,치즈 돈까스,9900
노다지&참참참,김치갈비조림,25000
노다지&참참참,매운갈비찜,25000
노다지&참참참,닭도리탕,25000
노다지&참참참,묵은지 닭도리찜,25000
노다지&참참참,고등어 김치조림,25000
노다지&참참참,제육볶음,23000
노다지&참참참,갈치조림,30000
노다지&참참참,낙지볶음,28000
노다지&참참참,두부김치,25000
노다지&참참참,오징어볶음,28000
진스통상추튀김,추억의 상추튀김,5900
진스통상추튀김,떡볶이,3900
진스통상추튀김,로제떡볶이,4900
진스통상추튀김,새우볶음밥,5500
진스통상추튀김,김치볶음밥,4900
진스통상추튀김,참치김치볶음밥,5500
진스통상추튀김,간장버터밥,5500
진스통상추튀김,치킨간장버터밥,5900
진스통상추튀김,오무라이스,5500
진스통상추튀김,킹소세지오무라이스,6500
동명백숙,닭백숙,15000
동명백숙,닭도리탕,15000
장터도시락&집밥,보리굴비 1마리,17000
장터도시락&집밥,갈치 조림 ,13000
장터도시락&집밥,갈치구이,13000
장터도시락&집밥,고등어 조림,12000
장터도시락&집밥,고등어 구이,11000
장터도시락&집밥,코다리찜,15000
장터도시락&집밥,장어양념구이,37000
장터도시락&집밥,간장구이,37000
장터도시락&집밥,장어양념구이,17000
장터도시락&집밥,간장구이,17000
전주현대옥,전주남부시장식콩나물국밥,8000
전주현대옥,전주끓이는식콩나물국밥,8000
전주현대옥,얼큰돼지국밥,9500
전주현대옥,순한두부찌개,9000
전주현대옥,황태콩나물국밥,9000
고향청국장&삼겹살,청국장,8500
고향청국장&삼겹살,김치찌개,8500
고향청국장&삼겹살,장어탕,9500
고향청국장&삼겹살,제육볶음,21000
고향청국장&삼겹살,삼겹살,28000
예향식당,도시락 정식,10000
예향식당,돼지고기 볶음,11000
예향식당,홍어무침,13000
홍일점,홍일점 찜닭,19000
홍일점,금성 칡물냉면,9000
홍일점,금성 칡비빔냉면,9000
홍일점,수제왕만두5p,8000
맛있는족발,족발,26000
맛있는족발,직화불족,29000
맛있는족발,보쌈,23000
교반육회비빔밥-조선대점,육회비빔밥,8500
교반육회비빔밥-조선대점,우삼겹비빔밥,8500
교반육회비빔밥-조선대점,삼겹비빔밥,8500
교반육회비빔밥-조선대점,간장불고기 비빔밥,8500
교반육회비빔밥-조선대점,매콤삼겹 비빔밥,8500
교반육회비빔밥-조선대점,왕물냉면,7500
교반육회비빔밥-조선대점,왕비빔냉면,7500
오로라양식,경양식 돈까스,9900
오로라양식,고구마돈까스,11500
오로라양식,치즈돈까스,13000
오로라양식,고구마치즈돈까스,14000
오로라양식,오므라이스,9900
오로라양식,치즈김치볶음밥,12000
오로라양식,불고기 크림 파스타,13900
오로라양식,쉬림프 로제 파스타,14900
오로라양식,할리오파스타,12000
죽이요-광주충장로점,한우소고기죽,8900
죽이요-광주충장로점,오색빛깔 잡채,4900
죽이요-광주충장로점,떡볶이,4800
죽이요-광주충장로점,참전복죽,11900
죽이요-광주충장로점,영양닭죽,8900
먹자판,제육볶음,7000
먹자판,닭갈비,7500
먹자판,부대찌개,7000
먹자판,닭불고기,7000
먹자판,김치찌개,6000
덕이네떡갈비,떡발비 수제도시락,7000
덕이네떡갈비,떡갈비스테이크,5000
덕이네떡갈비,떡갈비,6000
돈웅,쌈밥,9000
돈웅,떡갈비 정식,9000
돈웅,김치돼지짜글이,8000
돈웅,육개장,8000
돈웅,순두부찌개,8000
호랑이곱창,연탄소금막창,14500
호랑이곱창,연탄간장곱창,13500
호랑이곱창,연탄불곱창,13500
호랑이곱창,연탄불막창,14500
호랑이곱창,대창곱창전골,26000
한국별관,육회비빔밥,9000
한국별관,익힌비빔밥,9000
한국별관,육회비빔밥,12000
한국별관,냉면,8000
한국별관,불백,20000
대장금-조대점,제육불고기,9000
대장금-조대점,상추불고기,9000
대장금-조대점,닭볶음,9000
대장금-조대점,소불고기백반,14000
인촌참숯생선구이-광주본점,삼치구이,10000
인촌참숯생선구이-광주본점,고등어구이,9000
인촌참숯생선구이-광주본점,가자미구이,9000
인촌참숯생선구이-광주본점,조기구이,9000
인촌참숯생선구이-광주본점,새우구이,18000
인촌참숯생선구이-광주본점,대삼치구이,27000
금성식당,금성김치전골,24000
금성식당,애호박찌개,9000
금성식당,오삼불고기,30000
금성식당,김치찌개,9000
금성식당,동태탕,9000
우미관-조선대점,갈비탕,11000
우미관-조선대점,곰탕,9000
우미관-조선대점,수육,20000
냉면장인임사부&숯불구이서동점,살얼음 물냉면,8500
냉면장인임사부&숯불구이서동점,비빔냉면,8500
냉면장인임사부&숯불구이서동점,코다리 회냉면,9500
냉면장인임사부&숯불구이서동점,직화 숯불고기,8900
비아돼지찌개,비아돼지찌개,17000
비아돼지찌개,깻잎돼지찌개,18000
비아돼지찌개,카레돼지찌개,18000
비아돼지찌개,바싹불고기,20000
행복한양림밥상,선교사의 밥상,24000
행복한양림밥상,산낙지비빔밥,15000
행복한양림밥상,돌판낙지,9000
행복한양림밥상,돌판 한우불비,9000
행복한양림밥상,야채비빔밥,8000
깐깐한족발-계림점,참숯구이족발,35000
깐깐한족발-계림점,직화매운족발,35000
깐깐한족발-계림점,옛날식왕족발,35000
깐깐한족발-계림점,꽃냉채족발,35000
깐깐한족발-계림점,참숯구이보쌈,35000
깐깐한족발-계림점,직화매운보쌈,35000
깐깐한족발-계림점,족보있는 혼족,29000
본죽앤비빔밥-광주백운대성초교점,삼계죽,11000
본죽앤비빔밥-광주백운대성초교점,불낙죽,11500
본죽앤비빔밥-광주백운대성초교점,낙지김치죽,10000
본죽앤비빔밥-광주백운대성초교점,신짬뽕죽,10500
본죽앤비빔밥-광주백운대성초교점,매생이굴죽,11000
지짐,모듬전,28000
지짐,육전,15000
지짐,깻잎전,13000
지짐,동태전,13000
지짐,고추전,13000
지짐,왕동그랑땡,14000
지짐,녹두빈대떡,14000
지짐,해물가득파전,16000
지짐,김치전,10000
혼밥대왕-남구청점,참치비빔밥,8000
혼밥대왕-남구청점,우삽겹비빔밥,9000
혼밥대왕-남구청점,삼겹살비빔밥,8500
혼밥대왕-남구청점,간장불백비빔밥,9000
혼밥대왕-남구청점,고추장불백비빔밥,9000
혼밥대왕-남구청점,육회비빔밥,9500
한우물,모듬 생선구이,10000
한우물,불볼락 생선구이,9500
한우물,갈치 생선구이,11500
한우물,갑오징어 회무침,18000
한우물,소고기 육전,18000
한우물,민어 생선구이,19000
입큰아구찜&알곤이찜-광주본점,알곤이찜,28000
입큰아구찜&알곤이찜-광주본점,해물찜,32000
입큰아구찜&알곤이찜-광주본점,뽈데기 찜,29000
입큰아구찜&알곤이찜-광주본점,새우찜,27000
입큰아구찜&알곤이찜-광주본점,꽃게찜,28000
입큰아구찜&알곤이찜-광주본점,해물섞어찜,40000
입큰아구찜&알곤이찜-광주본점,아구 해물찜,37000
입큰아구찜&알곤이찜-광주본점,기운솟아 낙지찜,28000
입큰아구찜&알곤이찜-광주본점,통문어 해물찜,40000
입큰아구찜&알곤이찜-광주본점,왕쭈꾸미알고니찜,29000
앗뜨죽-광주남구점,낙지김치죽,9400
앗뜨죽-광주남구점,사골곰탕죽,8400
앗뜨죽-광주남구점,달콤팥죽,9400
앗뜨죽-광주남구점,호박죽,8400
앗뜨죽-광주남구점,영양닭죽,8400
앗뜨죽-광주남구점,참치김치죽,9400
앗뜨죽-광주남구점,삼선짬뽕죽,9400
앗뜨죽-광주남구점,해신죽,13400
불난집,오돌뼈,17000
불난집,제육볶음,17000
불난집,두부김치,17000
불난집,국물닭발,17000
불난집,통닭발,17000
불난집,무뼈닭발,17000
단아아구찜-본점,아구찜,28000
단아아구찜-본점,해물찜,38000
돈오락쪽갈비-구시청점,생쪽갈비,25000
돈오락쪽갈비-구시청점,양념쪽갈비,25000
돈오락쪽갈비-구시청점,간장쪽갈비,25000
돈오락쪽갈비-구시청점,땡초간장 쪽갈비,25000
진닭한마리칼국수-동구점,닭한마리칼국수,22000
진닭한마리칼국수-동구점,매운등갈비찜,25000
다아르,갈새야,20500
다아르,불제육&주먹밥,18500
다아르,쭈&삼,19500
다아르,삼백김치찌개,18500
다아르,불짬뽕,17500
다아르,모츠나베,23500
한솥도시락-금남로점,숯불직화구이 덮밥,5900
한솥도시락-금남로점,왕카레 돈까스덮밥,5900
한솥도시락-금남로점,새우돈까스 덮밥,4100
한솥도시락-금남로점,돈까스덮밥,4000
한솥도시락-금남로점,마파두부 덮밥,5000
한뚝배기-본점,꽃게된장찌개,7900
한뚝배기-본점,돼지김치찌개,7900
한뚝배기-본점,해물순두부,7900
한뚝배기-본점,햄치즈순두부,7900
한뚝배기-본점,차돌고추장찌개,7900
달정원,로제 파스타,11900
달정원,치즈김치볶음밥,14000
달정원,새우크림 파스타,14900
달정원,까르보나라,11900
달정원,시금치 피자,16000
메리석쇠,고추장불고기,11900
메리석쇠,양념돼지갈비,12900
메리석쇠,등갈비구이,14900
메리석쇠,해물김치전,9900
메리석쇠,간장불고기,11900
월계수식당,삼선볶음밥,6000
월계수식당,옛날돈까스,8000
월계수식당,매운돈까스,8500
월계수식당,짬뽕국밥,8000
월계수식당,우삼겹짬뽕,8500
월계수식당,칼국수,6500
월계수식당,잡채,6500
뜸,김치삼겹덮밥,10000
뜸,연어포케덮밥,11000
뜸,명란마요덮밥,9000
헝그리브라더스-조대점,차돌박이 필라프,9500
헝그리브라더스-조대점,목살 필라프,9500
헝그리브라더스-조대점,버섯 베이컨 필라프,9500
헝그리브라더스-조대점,치킨 필라프,9500
헝그리브라더스-조대점,새우 필라프,9500
헝그리브라더스-조대점,통삼겹 김치필라프,9500
헝그리브라더스-조대점,부채살 큐브 찹스테이크 덮밥,11500
더비빔-광주조선대점,야채 비빔밥,7000
더비빔-광주조선대점,간장 연탄불고기 비빔밥,8500
더비빔-광주조선대점,간장 소불고기 비빔밥,8500
더비빔-광주조선대점,오리불고기 비빔밥,8500
더비빔-광주조선대점,매운 연탄불고기 비빔밥,8500
더비빔-광주조선대점,매운 소불고기 비빔밥,8500
더비빔-광주조선대점,직화삼겹살 비빔밥,8500
고봉민김밥인-문화전당대의점,소시지김밥,4000
고봉민김밥인-문화전당대의점,매콤어묵김밥,3800
고봉민김밥인-문화전당대의점,고봉민김밥,3500
고봉민김밥인-문화전당대의점,돈까스김밥,4000
고봉민김밥인-문화전당대의점,맵돈김밥,4000
고봉민김밥인-문화전당대의점,체다치돈김밥,4000
고봉민김밥인-문화전당대의점,매운소고기김밥,4200
고봉민김밥인-문화전당대의점,참치김밥,4000
고봉민김밥인-문화전당대의점,치즈김밥,3800
고봉민김밥인-문화전당대의점,떡갈비김밥,4000
고봉민김밥인-문화전당대의점,새우김밥,4200
고봉민김밥인-문화전당대의점,맵닭김밥,4200
고봉민김밥인-문화전당대의점,소불고기김밥,4500
킹치찌개찜-조대점,바다참치킹 김치찌개,7000
킹치찌개찜-조대점,순두부대패삼겹킹 김치찌개,7000
킹치찌개찜-조대점,통목살킹 김치찌개,7500
킹치찌개찜-조대점,진짜스팸킹 김치찌개,7900
신쭈꾸미-두암점,쭈꾸미삼겹살,32000
신쭈꾸미-두암점,쭈꾸미대하,32000
신쭈꾸미-두암점,쭈꾸미삼겹살 혼밥,19500
신쭈꾸미-두암점,신쭈꾸미혼밥,19500
형아네퓨전요리,수제돈까스,9000
형아네퓨전요리,수제돈까스 오므라이스,9000
형아네퓨전요리,건강알밥 돈까스,10000
형아네퓨전요리,모짜렐라치즈알밥,9000
형아네퓨전요리,치즈알밥돈가스,12500
형아네퓨전요리,치즈돈까스,9500
형아네퓨전요리,제육덮밥 오므라이스,10000
형아네퓨전요리,스팸 오므라이스,9500
형아네퓨전요리,김치참치볶음밥,7500
형아네퓨전요리,참치회덮밥,10000
형아네퓨전요리,치즈알밥돈가스,7500
형아네퓨전요리,참치볶음밥돈까스,10000
형아네퓨전요리,연어회덮밥,10000
스팸많이주는부대찌개-전대점,스팸 부대찌개,12000
스팸많이주는부대찌개-전대점,소고기 부대찌개,16000
스팸많이주는부대찌개-전대점,순두부 부대찌개,15000
스팸많이주는부대찌개-전대점,우삼겹 부대찌개,15000
스팸많이주는부대찌개-전대점,묵은지 부대찌개,14000
스팸많이주는부대찌개-전대점,동원참치 부대찌개,15000
스팸많이주는부대찌개-전대점,마라탕부대찌개,14000
충장설렁탕,설렁탕,9500
충장설렁탕,우족탕,15000
충장설렁탕,사골떡국,9500
꽃게야,꽃게볶음,20900
꽃게야,꽃새볶음,25900
꽃게야,카레꽃게볶음,20900
꽃게야,카레꽃새볶음,25900
꽃게야,마라꽃게볶음,21900
꽃게야,마라꽃새볶음,26900
꽃게야,새우볶음,24900
꽃게야,카레새우볶음,24900
꽃게야,마라새우볶음,25900
해담아구찜-본점,아구찜,30000
해담아구찜-본점,해물아구찜,40000
해담아구찜-본점,해물찜,40000
해담아구찜-본점,아구찜,31000
해담아구찜-본점,해물아구찜,41000
뽀끼캠프,돈대패 떡볶이,15000
뽀끼캠프,순살치킨 떡볶이,15000
뽀끼캠프,오짱 떡볶이,15000
뽀끼캠프,까르보 로제 떡볶이,15000
정이주가,쭈꾸미 삼겹살,23000
정이주가,두부김치,19000
정이주가,제육 불고기,18000
정이주가,돼지고기 숙주볶음,18000
케리부엌-본점,케리김밥,3000
케리부엌-본점,참치김밥,4000
케리부엌-본점,치즈김밥,4000
케리부엌-본점,고추김밥,4000
케리부엌-본점,케리우동,4500
케리부엌-본점,짬뽕우동,6000
케리부엌-본점,짬뽕국밥,6500
케리부엌-본점,육개장,7000
케리부엌-본점,국물떡볶이,4500
케리부엌-본점,라볶이,5500
케리부엌-본점,오뎅,3500
케리부엌-본점,장조림버터밥,7000
케리부엌-본점,참치마요버터밥,6500
케리부엌-본점,스팸김치버터밥,7000
케리부엌-본점,쫄면&팝만두,6000
케리부엌-본점,생선까스,7000
케리부엌-본점,생선까스 한조각 추가,2000
케리부엌-본점,돈까스,7000
케리부엌-본점,치즈돈까스,8000
케리부엌-본점,가츠동,7000
케리부엌-본점,매콤 가츠동,7000
장충동왕족발-광주충장점,족발,28000
장충동왕족발-광주충장점,보쌈,28000
장충동왕족발-광주충장점,매운양념족발,33000
장충동왕족발-광주충장점,냉채족발,33000
장충동왕족발-광주충장점,쟁반국수,15000
황칠왕족발,족발,25000
황칠왕족발,불족발,27000
황칠왕족발,미니족 大,23000
육감만족-북구점,통마늘보쌈,35000
육감만족-북구점,깐풍족발,34000
육감만족-북구점,미니족발,21000
육감만족-북구점,미니불족발,23000
육감만족-북구점,족발,32000
육감만족-북구점,직화불족발,34000
육감만족-북구점,치즈불족발,37000
톰아저씨족발보쌈-광천본점,톰족발,27000
톰아저씨족발보쌈-광천본점,매운불족발,28000
톰아저씨족발보쌈-광천본점,마늘족발,28000
톰아저씨족발보쌈-광천본점,톰보쌈,27000
톰아저씨족발보쌈-광천본점,매운보쌈,29000
톰아저씨족발보쌈-광천본점,마늘보쌈,29000
정광석항아리보쌈-계림점,보쌈,32000
정광석항아리보쌈-계림점,회보쌈,43000
김프로보쌈,김치찌개,8000
김프로보쌈,보쌈,22000
김프로보쌈,제육볶음,9000
김프로보쌈,삼겹살 볶음,9000
맛보는족족-방림봉선점,족발,27000
맛보는족족-방림봉선점,보쌈,27000
맛보는족족-방림봉선점,마늘보쌈,28000
육전주는인생설곰탕,나주식곰탕,10000
육전주는인생설곰탕,설렁탕,10000
육전주는인생설곰탕,모듬곰탕,12000
육전주는인생설곰탕,육개장,10000
육전주는인생설곰탕,뼈해장국,11000
곽만근갈비탕-광주계림점,갈비탕,13000
곽만근갈비탕-광주계림점,얼큰갈비탕,13000
곽만근갈비탕-광주계림점,곱빼기갈비탕,17000
곽만근갈비탕-광주계림점,얼큰곱빼기갈비탕,17000
곽만근갈비탕-광주계림점,전복갈비탕,18000
참진김치찌개,우삼겹김치찌개,12000
참진김치찌개,돼지고기 김치찌개,11000
참진김치찌개,삼겹살김치찌개,11000
참진김치찌개,스팸김치찌개,11000
참진김치찌개,참치김치김치찌개,11000
서울깍두기충장로점-설렁탕전문점,설렁탕,11000
서울깍두기충장로점-설렁탕전문점,특설렁탕,14000
서울깍두기충장로점-설렁탕전문점,갈비탕,20000
서울깍두기충장로점-설렁탕전문점,도가니탕,22000
서울깍두기충장로점-설렁탕전문점,꼬리곰탕,23000
서울깍두기충장로점-설렁탕전문점,사골삼계탕,17000
서울깍두기충장로점-설렁탕전문점,한우소불고기,24000
금동봉자순대국밥,모듬국밥,9000
금동봉자순대국밥,암뽕순대국밥,9000
금동봉자순대국밥,머리국밥,8000
금동봉자순대국밥,내장국밥,8000
이것이국밥이다-광주동구점,돼지국밥,10500
이것이국밥이다-광주동구점,진한 돼지국밥,8500
이것이국밥이다-광주동구점,순대국밥,8500
이것이국밥이다-광주동구점,수육국밥,8500
이것이국밥이다-광주동구점,삼겹살 수육국밥,12000
뚠뚠돼지김치찌개-조선대점,돼지 김치찌개,13500
뚠뚠돼지김치찌개-조선대점,김치찌개,15000
뚠뚠돼지김치찌개-조선대점,소고기 김치찌개,14000
뚠뚠돼지김치찌개-조선대점,참치 김치찌개,14000
뚠뚠돼지김치찌개-조선대점,고등어 김치찌개,14000
뚠뚠돼지김치찌개-조선대점,꽁치 김치찌개,14000
월곡동할매닭발-산수점,통닭발,21000
월곡동할매닭발-산수점,무뼈닭발,21000
월곡동할매닭발-산수점,튤립닭발,21000
월곡동할매닭발-산수점,닭똥집,19000
월곡동할매닭발-산수점,닭날개,19000
물갈비명가-본점,물갈비,15000
물갈비명가-본점,등심불고기전골,30000
물갈비명가-본점,물닭 한마리,39000
물갈비명가-본점,불쭈꾸미볶음,30000
화닭발-화정점,무뼈닭발,17900
화닭발-화정점,튤립닭발,17900
화닭발-화정점,오돌뼈,17900
화닭발-화정점,통뼈닭발,17900
한식전문점무지개밥상,오리불고기,12000
한식전문점무지개밥상,소불고기,12000
한식전문점무지개밥상,닭갈비,12000
한식전문점무지개밥상,뚝배기불백,12000
한식전문점무지개밥상,애호박 돼지찌개,11000
한식전문점무지개밥상,동태탕,11000
한식전문점무지개밥상,차돌박이 된장찌개,11000
한식전문점무지개밥상,제육볶음,11000
한식전문점무지개밥상,돼지불고기,11000
한식전문점무지개밥상,새싹 비빔밥,11000
한식전문점무지개밥상,오리불고기비빔밥,11000
한식전문점무지개밥상,소불고기 비빔밥,11000
한식전문점무지개밥상,육회비빔냉면,11000
명품왕갈비찜,갈비탕,9000
명품왕갈비찜,육개장,9000
억조감자탕,우거지 뼈해장국,9500
억조감자탕,묵은지 뼈 해장국,9500
억조감자탕,우거지감자탕,28000
억조감자탕,묵은지 감자탕,30000
뚱스장풍포차,모듬감자튀김,20000
뚱스장풍포차,수제 등심 돈가스,17000
뚱스장풍포차,왕새우튀김,17000
뚱스장풍포차,치킨 가라아게,17000
뚱스장풍포차,국물 떡볶이,18000
골목집삼계탕메밀콩국수,녹두삼계탕,15000
골목집삼계탕메밀콩국수,전복삼계탕,18000
골목집삼계탕메밀콩국수,능이삼계탕,20000
골목집삼계탕메밀콩국수,매운 돼지갈비찜,25000
알에이코코-주월점,시장국수 옛날국수,5000
알에이코코-주월점,수제즉석 떡볶이,5000
알에이코코-주월점,롱치즈 스틱 2개,1800
알에이코코-주월점,왕새우 튀김 2마리,2800
알에이코코-주월점,닭다리 1개,2200
알에이코코-주월점,텐더치킨 1피스,1000
알에이코코-주월점,김말이튀김 6피스,1200
알에이코코-주월점,감자 튀김 150g,1500
꽁이호두과자&떡볶이-동구점,호두과자,5000
꽁이호두과자&떡볶이-동구점,국물떡볶이,5000
꽁이호두과자&떡볶이-동구점,핫도그,1500
꽁이호두과자&떡볶이-동구점,치즈 핫도그,2000
꽁이호두과자&떡볶이-동구점,소떡소떡,2000
꽁이호두과자&떡볶이-동구점,떡꼬치,1500
샬어름냉면-광주백운점,물냉면,7900
샬어름냉면-광주백운점,매운물냉면,8900
샬어름냉면-광주백운점,비빔냉면,7900
샬어름냉면-광주백운점,매운비빔냉면,8900
별난만두&기정떡-백운서동점,고기만두,4500
별난만두&기정떡-백운서동점,김치만두,4500
별난만두&기정떡-백운서동점,감자고기만두,4500
별난만두&기정떡-백운서동점,감자김치만두,4500
별난만두&기정떡-백운서동점,왕고기만두,5500
별난만두&기정떡-백운서동점,왕김치만두,5500
카페락툰,사누끼우동,3500
카페락툰,김치우동,4000
카페락툰,까르보나라라볶이,4000
카페락툰,매콤라볶이,4000
카페락툰,크림치즈떡볶이,4000
카페락툰,핫치즈떡볶이,4000
핵떡-광주용봉점,국물떡볶이,6000
핵떡-광주용봉점,로제떡볶이,9000
핵떡-광주용봉점,분모자떡볶이,9000
핵떡-광주용봉점,짜장떡볶이,6000
핵떡-광주용봉점,황금순살치킨,7000
뎀버트,베이컨 쉬림프 파스타（ 스파이시 로제 ）,14000
뎀버트,베이컨 쉬림프 파스타（ 트러플 크림 ）,14000
뎀버트,베이컨 새우 오일,16000
뎀버트,러스틱 치킨 버섯 리조또,16000
뎀버트,통베이컨 김치 잠발라야,16000
뎀버트,매콤 해산물 누룽지 스튜,16000
뎀버트,뎀버트 시그니쳐 버거,15000
수북국밥&냉면-신안중흥점,얼큰국밥,8500
수북국밥&냉면-신안중흥점,사골돼지국밥,8000
수북국밥&냉면-신안중흥점,토종순대국밥,8500
수북국밥&냉면-신안중흥점,병천순대국밥,8500
수북국밥&냉면-신안중흥점,모듬국밥,9000
수북국밥&냉면-신안중흥점,섞어국밥,8500
수북국밥&냉면-신안중흥점,살코기 국밥,9000
수북국밥&냉면-신안중흥점,사골육계장,9000
행운분식-말바우점,왕사라다빵,3000
행운분식-말바우점,왕소세지빵,2000
행운분식-말바우점,찹쌀도넛,3000
흥부네돼지애호박찌개,돼지애호박찌개,8000
흥부네돼지애호박찌개,대패삼겹구이,12000
흥부네돼지애호박찌개,맑은소고기무국,8000
흥부네돼지애호박찌개,스팸두부애호박찌개,9000
흥부네돼지애호박찌개,순두부애호박찌개,8000
파스타제작소파스타&필라프-백운점,쉬림프 크림파스타,10500
파스타제작소파스타&필라프-백운점,쉬림프 알리오 파스타,10000
파스타제작소파스타&필라프-백운점,차돌박이 로제 파스타,11000
파스타제작소파스타&필라프-백운점,차돌박이 필라프,10000
파스타제작소파스타&필라프-백운점,까르보나라,9500
파스타제작소파스타&필라프-백운점,새우감바스와 바게트,12000
파스타제작소파스타&필라프-백운점,까르보나라 떡볶이,9500
파스타제작소파스타&필라프-백운점,베이컨 로제떡볶이,10000
돈쫄돈-동구점,경양식 돈가스,10900
돈쫄돈-동구점,치즈폭탄돈가스,10900
돈쫄돈-동구점,새우 필라프,8900
돈쫄돈-동구점,크림 리조또,9900
돈쫄돈-동구점,떡볶이,5800
돈쫄돈-동구점,우동,5800
돈쫄돈-동구점,로제 떡볶이,7900
79네수제튀김-산수계림점,쌀떡볶이,4000
79네수제튀김-산수계림점,찰순대,5000
79네수제튀김-산수계림점,부산어묵,3000
79네수제튀김-산수계림점,치즈볼,3500
79네수제튀김-산수계림점,닭꼬치,2000
을찌로국물떡볶이-조선대점,떡볶이 ,3500
을찌로국물떡볶이-조선대점,버터갈릭감자튀김,4700
을찌로국물떡볶이-조선대점,로제 떡볶이,9000
을찌로국물떡볶이-조선대점,스팸마요 컵밥,4000
을찌로국물떡볶이-조선대점,치즈볼,3500
떡참떡볶이참잘하는집-광주구시청점,트러플 크림떡볶이,9800
떡참떡볶이참잘하는집-광주구시청점,매콤로제떡볶이,9800
떡참떡볶이참잘하는집-광주구시청점,맵달국물떡볶이,9500
떡참떡볶이참잘하는집-광주구시청점,찐짜장떡볶이,9500
떡참떡볶이참잘하는집-광주구시청점,로제맵닭발,18500
떡참떡볶이참잘하는집-광주구시청점,국물맵닭발,17500
순살만1등치킨-광주센터점,후라이드,15900
순살만1등치킨-광주센터점,청양마요치킨,17900
순살만1등치킨-광주센터점,간마마요치킨,17900
순살만1등치킨-광주센터점,양념치킨,17900
순살만1등치킨-광주센터점,불간장치킨,17900
순살만1등치킨-광주센터점,체다치즈뿌링클치킨,17900
빛고을닭강정-백운점,닭강정,17000
빛고을닭강정-백운점,새우강정,17000
빛고을닭강정-백운점,통새우강정,17000
빛고을닭강정-백운점,감자튀김,4000
빛고을닭강정-백운점,치즈스틱,3000
빛고을닭강정-백운점,치즈볼,4500
빛고을닭강정-백운점,타꼬야끼,4500
분식집,돈까스샌드,8500
분식집,떡볶이,6500
분식집,페퍼로니 로제파스타,9500
분식집,상추튀김,8000
분식집,참치김밥과 햄튀김,9000
꽁이호두과자&떡볶이,국물떡볶이,5000
꽁이호두과자&떡볶이,핫도그,1500
꽁이호두과자&떡볶이,치즈 핫도그,2000
꽁이호두과자&떡볶이,호두과자,5000
떡참떡볶이참잘하는집-광주두암점,트러플 크림떡볶이,9800
떡참떡볶이참잘하는집-광주두암점,매콤로제떡볶이,9800
떡참떡볶이참잘하는집-광주두암점,맵달국물떡볶이,9500
떡참떡볶이참잘하는집-광주두암점,찐짜장떡볶이,9500
떡참떡볶이참잘하는집-광주두암점,로제맵닭발,18500
떡참떡볶이참잘하는집-광주두암점,국물맵닭발,17500
춤추는수제핫도그,치즈 핫도그,4500
춤추는수제핫도그,팥도너츠,11500
춤추는수제핫도그,꽈배기,10000
춤추는수제핫도그,치즈 숯불갈비맛 핫도그,4500
춤추는수제핫도그,치즈스틱,3000
청춘얼큰이-산수점,국물닭발,18000
청춘얼큰이-산수점,무뼈닭발,17000
청춘얼큰이-산수점,닭똥집,16000
청춘얼큰이-산수점,소금구이닭똥집,16000
청춘얼큰이-산수점,얼큰이치즈떡볶이,5000
기센국밥-광주북구점,돼지국밥,7500
기센국밥-광주북구점,병천순대국밥,8000
기센국밥-광주북구점,살코기국밥,8000
기센국밥-광주북구점,육개장,8000
별난만두&기정떡,고기만두,4500
별난만두&기정떡,김치만두,4500
별난만두&기정떡,감자고기만두,4500
별난만두&기정떡,감자김치만두,4500
별난만두&기정떡,왕고기만두,5500
별난만두&기정떡,왕김치만두,5500
통불떡볶이-봉선점,치즈떡볶이,11800
통불떡볶이-봉선점,차돌박이 떡볶이,15800
통불떡볶이-봉선점,치즈불닭 떡볶이,15800
통불떡볶이-봉선점,무뼈 직화닭발,12800
통불떡볶이-봉선점,직화치즈불닭,14800
악동떡볶이-산수점,떡볶이,14500
악동떡볶이-산수점,짜장떡볶이,14500
악동떡볶이-산수점,까르보나라떡볶이,15500
악동떡볶이-산수점,악동 로제떡볶이,15500
떡볶당-주월점,로제파스타떡볶이,10000
떡볶당-주월점,맵짬뽕떡볶이,10000
떡볶당-주월점,불맛 짜장떡볶이,8000
떡볶당-주월점,불맛떡볶이,8000
떡볶당-주월점,매콤달달 콘치즈떡볶이,10000
장미멘숀-조선대점,GOD곱도리탕,25000
장미멘숀-조선대점,강남닭볶이,21000
장미멘숀-조선대점,믹키크림파스타,12900
장미멘숀-조선대점,불매콤닭발,15000
떡군이네떡볶이-광주봉선점,로제떡볶이,10000
떡군이네떡볶이-광주봉선점,국물떡볶이,6000
떡군이네떡볶이-광주봉선점,짜장떡볶이,6000
떡군이네떡볶이-광주봉선점,차돌떡볶이,10000
떡군이네떡볶이-광주봉선점,크림떡볶이,10000
떡군이네떡볶이-광주봉선점,마라떡볶이 ,12000
세프윤찹쌀꽈배기고로케,꽈배기,700
세프윤찹쌀꽈배기고로케,단팥도넛,1000
세프윤찹쌀꽈배기고로케,찹쌀핫도그,1000
세프윤찹쌀꽈배기고로케,치즈찹쌀핫도그,2000
세프윤찹쌀꽈배기고로케,고기고로케,1500
세프윤찹쌀꽈배기고로케,김치고로케,1500
자매떡볶이-주월백운점,떡볶이,7500
자매떡볶이-주월백운점,로제떡볶이,8000
자매떡볶이-주월백운점,새우떡볶이,16000
자매떡볶이-주월백운점,순대떡볶이,14000
자매떡볶이-주월백운점,치킨떡볶이,14000
바른초밥-학동점,특선초밥,16000
바른초밥-학동점,특초밥,21000
바른초밥-학동점,등심돈까스,9900
바른초밥-학동점,모듬초밥,11900
바른초밥-학동점,수제 새우튀김,15000
피자먹다-계림점,비프스테이크피자,6900
피자먹다-계림점,스위트 불고기피자,5900
피자먹다-계림점,마약옥수수피자,4900
피자먹다-계림점,25cm 마르게리따피자,3900
피자먹다-계림점,스위트고구마피자,4900
피자먹다-계림점,콤비네이션피자,5900
피자먹다-계림점,페페로니피자,5900
수제돈가스청연-봉선점,수제생등심돈가스,6800
수제돈가스청연-봉선점,천연치즈돈가스,7900
수제돈가스청연-봉선점,로제함박스테이크,9600
수제돈가스청연-봉선점,청양크림함박스테이크,9600
수제돈가스청연-봉선점,함박스테이크,8900
수제돈가스청연-봉선점,매운돈가스,7900
고기요기,불뼈닭발,15000
고기요기,파불고기,12000
고기요기,제육볶음,12000
고기요기,제육마늘간장,12000
고기요기,김치찌개,16000
고기요기,냉면,7000
커피주는통큰주방장,칠리탕수육,18900
커피주는통큰주방장,칠리새우,18900
커피주는통큰주방장,멘보샤,13900
커피주는통큰주방장,돈까스,17900
커피주는통큰주방장,치즈돈까스,18900
커피주는통큰주방장,고구마치돈까스,18900
커피주는통큰주방장,김치찌개,15900
커피주는통큰주방장,김치부대찌개,16900
자매떡볶이-충장로점,떡볶이,7500
자매떡볶이-충장로점,로제떡볶이,8000
자매떡볶이-충장로점,순대떡볶이,14000
자매떡볶이-충장로점,치킨떡볶이,14000
백점김밥,김밥,2500
백점김밥,계란김밥,4000
백점김밥,참치김밥,4000
백점김밥,치즈김밥,3500
백점김밥,돈까스김밥,4500
백점김밥,백점떡볶이,5000
백점김밥,로제떡볶이,6000
백점김밥,라면,4000
백점김밥,쫄면,6000
백점김밥,물냉면,7000
백점김밥,비빔냉면,7000
백점김밥,오므라이스,7000
백점김밥,제육덮밥,7000
백점김밥,돈까스,7000
백점김밥,매운돈까스,8000
백점김밥,치즈돈까스,8000
자매떡볶이-산수점,떡볶이,7500
자매떡볶이-산수점,로제떡볶이,8000
동대문엽기떡볶이-광주조선대점,떡볶이,14000
동대문엽기떡볶이-광주조선대점,로제떡볶이,16000
동대문엽기떡볶이-광주조선대점,크림떡볶이,15000
동대문엽기떡볶이-광주조선대점,닭볶음탕,24000
동대문엽기떡볶이-광주조선대점,무뼈닭발,14000
빛고을닭강정-산수점,닭강정,17000
빛고을닭강정-산수점,새우강정,12000
빛고을닭강정-산수점,통새우강정,12000
빛고을닭강정-산수점,감자튀김,4000
빛고을닭강정-산수점,치즈스틱,3000
빛고을닭강정-산수점,흑미 찰치즈볼,4500
빛고을닭강정-산수점,타꼬야끼,5000
백종원의역전우동&덮밥-광주충장로점,매콤제육덮밥,6500
인생깐풍기,깐풍기,17000
인생깐풍기,치즈볼,2000
인생깐풍기,김말이,2000
명랑핫도그-광주학동점,명랑 핫도그,1800
명랑핫도그-광주학동점,점보 핫도그,2600
명랑핫도그-광주학동점,통모짜 핫도그,2800
명랑핫도그-광주학동점,로제떡볶이,9900
명랑핫도그-광주학동점,떡볶이,8500
명랑핫도그-광주학동점,크림 떡볶이,9900
수내닭꼬치-신안점,떡 닭꼬치,3500
수내닭꼬치-신안점,파 닭꼬치,3500
수내닭꼬치-신안점,삼겹살꼬치,3500
수내닭꼬치-신안점,모짜렐라치즈닭꼬치,4500
수내닭꼬치-신안점,염통꼬치,5500
수내닭꼬치-신안점,베이컨말이꼬치,3000
수내닭꼬치-신안점,어묵우동,5000
자매떡볶이-중흥점,떡볶이,7000
자매떡볶이-중흥점,로제떡볶이,8000
자매떡볶이-용산지구점,떡볶이,7500
자매떡볶이-용산지구점,로제떡볶이,8000
자매떡볶이-용산지구점,치킨떡볶이,14000
옥땡김밥&튀김,참치김밥,3500
옥땡김밥&튀김,치즈김밥,3500
옥땡김밥&튀김,소세지김밥,4000
옥땡김밥&튀김,돈까스김밥,4000
옥땡김밥&튀김,참치키토김밥,5500
옥땡김밥&튀김,김치키토김밥,5500
옥땡김밥&튀김,땡초멸치키토김밥,5500
옥땡김밥&튀김,베이컨키토김밥,5800
옥땡김밥&튀김,김치만두,4500
옥땡김밥&튀김,고기만두,4500
옥땡김밥&튀김,떡볶이,5000
옥땡김밥&튀김,치즈떡볶이,5500
옥땡김밥&튀김,돈까스,7000
옥땡김밥&튀김,치즈돈까스,7500
옥땡김밥&튀김,쫄면,5500
동대문엽기떡볶이-광주충장로점,엽기떡볶이,14000
동대문엽기떡볶이-광주충장로점,로제떡볶이,16000
동대문엽기떡볶이-광주충장로점,크림떡볶이,15000
동대문엽기떡볶이-광주충장로점,닭볶음탕,24000
동대문엽기떡볶이-광주충장로점,무뼈닭발,15000
사우나떡볶이로제&국물-계림점,궁물떡볶이,11900
사우나떡볶이로제&국물-계림점,로제떡볶이,12900
사우나떡볶이로제&국물-계림점,분모자 떡볶이,14900
사우나떡볶이로제&국물-계림점,수제함박스테이크,4500
한국만두-봉선점,고기만두,4500
한국만두-봉선점,새우만두,5500
한국만두-봉선점,김치만두,4500
떡참떡볶이참잘하는집-광주월산점,트러플 크림떡볶이,9800
떡참떡볶이참잘하는집-광주월산점,매콤로제떡볶이,9800
떡참떡볶이참잘하는집-광주월산점,맵달국물떡볶이,9500
떡참떡볶이참잘하는집-광주월산점,찐짜장떡볶이,9500
떡참떡볶이참잘하는집-광주월산점,로제맵닭발,18500
떡참떡볶이참잘하는집-광주월산점,국물맵닭발,17500
돈워리비해피-조대점,돈가스오므라이스,9500
돈워리비해피-조대점,돈비함박스테이크,8500
돈워리비해피-조대점,함박오므라이스,10000
돈워리비해피-조대점,베이컨김치볶음밥,7000
돈워리비해피-조대점,치즈돈까스,9000
돈워리비해피-조대점,우동,5500
삼첩분식-광주방림점,떡볶이,8900
삼첩분식-광주방림점,로제 떡볶이,9900
삼첩분식-광주방림점,바질크림 떡볶이,9900
삼첩분식-광주방림점,마라로제 떡볶이,9900
떡참떡볶이참잘하는집-광주봉선점,트러플 크림떡볶이,9800
떡참떡볶이참잘하는집-광주봉선점,매콤로제떡볶이,9800
떡참떡볶이참잘하는집-광주봉선점,맵달국물떡볶이,9500
떡참떡볶이참잘하는집-광주봉선점,찐짜장떡볶이,9500
떡참떡볶이참잘하는집-광주봉선점,로제맵닭발,18500
떡참떡볶이참잘하는집-광주봉선점,국물맵닭발,17500
분식문방구-광주남구점,김치피자탕수육,8900
분식문방구-광주남구점,오리지널 떡볶이,4900
분식문방구-광주남구점,김치볶음밥,6000
분식문방구-광주남구점,쫄면,6500
분식문방구-광주남구점,크림 파스타,7900
분식문방구-광주남구점,등심 돈까스,8900
분식문방구-광주남구점,치즈 돈가스,9900
무드장,차돌박이 쌀국수,10000
무드장,소고기 볶음밥,10000
무드장,하노이 볶음밥,10000
무드장,게살볶음밥,12000
수유리우동집-학동점,수유김밥,3500
수유리우동집-학동점,열무국수,7000
수유리우동집-학동점,돈까스,8000
수유리우동집-학동점,스팸김밥,4500
수유리우동집-학동점,참치김밥,4500
수유리우동집-학동점,치즈돈까스,8500
오떡후-광주조선대점,로제떡볶이,6000
오떡후-광주조선대점,매콤떡볶이,10000
오떡후-광주조선대점,까르보나라떡볶이,10000
오떡후-광주조선대점,짜장떡볶이,10000
오떡후-광주조선대점,치즈볼,3000
찡찡꼬마김밥-계림점,야채꼬마김밥,4500
찡찡꼬마김밥-계림점,참치꼬마김밥,5000
찡찡꼬마김밥-계림점,김치꼬마김밥,5000
찡찡꼬마김밥-계림점,깻잎꼬마김밥,5000
찡찡꼬마김밥-계림점,치즈꼬마김밥,5000
청담동마녀김밥-충장점,마녀김밥,3800
청담동마녀김밥-충장점,묵은지참치김밥,4800
청담동마녀김밥-충장점,참치김밥,4500
청담동마녀김밥-충장점,쫄면,6500
청담동마녀김밥-충장점,묵은지 김밥,4500
고봉민김밥인-문화전당대의점,우동,5000
고봉민김밥인-문화전당대의점,잔치국수,6000
고봉민김밥인-문화전당대의점,쫄면,5500
고봉민김밥인-문화전당대의점,비빔국수,6000
고봉민김밥인-문화전당대의점,떡볶이,5000
고봉민김밥인-문화전당대의점,김치볶음밥,7000
고봉민김밥인-문화전당대의점,치즈돈까스,8500
고봉민김밥인-문화전당대의점,오므라이스,7000
고봉민김밥인-문화전당대의점,제육덮밥,8000
청년떡볶이-광주백운점,국물떡볶이,4000
청년떡볶이-광주백운점,찹쌀순대,4000
청년떡볶이-광주백운점,꼬지어묵,3000
청년떡볶이-광주백운점,가래떡떡볶이,3900
현완단겸상추튀김-동명점,오징어상추튀김,12000
현완단겸상추튀김-동명점,돼지고기상추튀김,12000
현완단겸상추튀김-동명점,매운고추튀김,6000
현완단겸상추튀김-동명점,김말이튀김,5000
현완단겸상추튀김-동명점,떡볶이,4000
현완단겸상추튀김-동명점,순대,4000
현완단겸상추튀김-동명점,어묵,4000
계림동잔치집,원조김밥,4000
계림동잔치집,콩국수,8000
계림동잔치집,열무국수,8000
계림동잔치집,비빔국수,7500
계림동잔치집,얇은피 만두,7000
계림동잔치집,참치김밥,4500
얌얌-전대후문점,하우스 오믈렛,8000
얌얌-전대후문점,돈가스 플레이트,8500
얌얌-전대후문점,치즈돈가스 플레이트,10000
얌얌-전대후문점,까르보나라 스파게티,9500
얌얌-전대후문점,미트볼 스파게티,10000
청년다방-광주양림점,차돌떡볶이,16500
청년다방-광주양림점,로제떡볶이,18000
청년다방-광주양림점,밀크모짜치즈볼,4500
청년다방-광주양림점,오리지널떡볶이,10500
툴스돈카츠-주월점,등심돈까스,8500
툴스돈카츠-주월점,매운 돈까스,9500
툴스돈카츠-주월점,치즈 돈까스,10000
툴스돈카츠-주월점,함박 스테이크,9500
툴스돈카츠-주월점,베이컨김치볶음밥,7500
툴스돈카츠-주월점,쫄면,7000
툴스돈카츠-주월점,우동,6500
툴스돈카츠-주월점,냉모밀,6500
신전떡볶이-봉선점,떡볶이,3500
신전떡볶이-봉선점,치즈떡볶이,5500
신전떡볶이-봉선점,신전로제떡볶이,5500
신전떡볶이-봉선점,치즈로제떡볶이,7500
장미맨숀-두암점,GOD곱도리탕,24000
장미맨숀-두암점,강남닭볶이,21000
장미맨숀-두암점,믹키크림파스타,12000
장미맨숀-두암점,불매콤닭발,15000
이즈김밥,치즈김밥,4500
이즈김밥,떡볶이,6000
이즈김밥,쫄면,7000
이즈김밥,돈까스,8000
이즈김밥,치즈돈까스,8500
엄마딸분식,참치김밥,3700
엄마딸분식,쫄면,5500
엄마딸분식,김치볶음밥,5500
엄마딸분식,제육덮밥,7000
엄마딸분식,우동,3500
엄마딸분식,치즈떡볶이,4500
엄마딸분식,돈가스,6500
한솥도시락-봉선점,스팸마요,3700
한솥도시락-봉선점,김치볶음밥,3900
한솥도시락-봉선점,제육볶음,4200
한솥도시락-봉선점,왕돈까스,9300
한솥도시락-봉선점,빅치킨마요,4100
태리로제떡볶이-광주조대점,로제떡볶이,10000
태리로제떡볶이-광주조대점,투움바떡볶이,10500
태리로제떡볶이-광주조대점,국물떡볶이,6000
태리로제떡볶이-광주조대점,짜장떡볶이,6000
태리로제떡볶이-광주조대점,트러플떡볶이,10500
태리로제떡볶이-광주조대점,후라이드닭강정,10500
태리로제떡볶이-광주조대점,달콤닭강정,11500
맛있는카츠&돈카츠전문점,왕돈카츠,10000
맛있는카츠&돈카츠전문점,등심카츠,8500
맛있는카츠&돈카츠전문점,생선카츠,8500
맛있는카츠&돈카츠전문점,피자돈카츠,9500
맛있는카츠&돈카츠전문점,함박스테이크,8500
김밥신영풍국수,국수,6000
김밥신영풍국수,비빔국수,7000
김밥신영풍국수,원조김밥,3000
김밥신영풍국수,치즈김밥,4000
김밥신영풍국수,김치김밥,4000
김밥신영풍국수,참치마요김밥,4000
김밥신영풍국수,고기만두,4500
김밥신영풍국수,김치만두,4500
국수나무-학동점,옛날왕돈까스,8900
국수나무-학동점,생면국수,5500
국수나무-학동점,국수나무알밥,8000
국수나무-학동점,치즈돈까스,9500
국수나무-학동점,고고제육덮밥,8000
국수나무-학동점,오리엔탈오므라이스,8000
돈키호테-본점,수제등심돈가스도시락,9000
돈키호테-본점,수제푸짐한왕돈가스도시락,12000
돈키호테-본점,수제오므라이스도시락,7000
돈키호테-본점,함박스테이크도시락,9000
돈키호테-본점,수제치즈돈가스도시락,10000
돈키호테-본점,쫄면,6000
한솥도시락-금남로점,스팸마요,3700
한솥도시락-금남로점,치킨마요,3500
한솥도시락-금남로점,김치볶음밥,3900
킹스꼬마김밥-NC웨이브점,꼬마 김밥,3500
킹스꼬마김밥-NC웨이브점,밀떡볶이,5500
킹스꼬마김밥-NC웨이브점,오뎅탕,5500
킹스꼬마김밥-NC웨이브점,로제떡볶이,6000
킹스꼬마김밥-NC웨이브점,쫄면,6000
도담김밥-광주본점,도담김밥,3000
도담김밥-광주본점,참치김밥,3800
도담김밥-광주본점,치즈김밥,3500
도담김밥-광주본점,우동,5500
도담김밥-광주본점,떡볶이,5000
도담김밥-광주본점,"스팸,햄,김치볶음밥",7000
도담김밥-광주본점,쫄면,6500
소문난튀김분식,상추튀김,8000
소문난튀김분식,왕김밥,3000
소문난튀김분식,참치김밥,4000
소문난튀김분식,치즈김밥,4000
소문난튀김분식,찰순대,6000
소문난튀김분식,모듬튀김,8000
소문난튀김분식,떡볶이,5500
김밥나라-백운점,김밥,3000
김밥나라-백운점,부대찌개,7000
김밥나라-백운점,참치김밥,4000
김밥나라-백운점,치즈돈가스,7500
김밥나라-백운점,쫄면,6000
김밥나라-백운점,치즈김밥,4000
김밥나라-백운점,고기만두,4500
김밥나라-백운점,김치만두,4500
김밥나라-백운점,떡볶이,4500
김밥나라-백운점,치즈떡볶이,5000
김밥나라-백운점,제육덮밥,6500
김밥나라-백운점,오므라이스,6500
김밥나라-백운점,육개장,7000
김밥나라-백운점,돈가스,6500
김밥나라-백운점,왕돈가스,7500
걸작떡볶이치킨-조선대점,가래떡떡볶이,9000
걸작떡볶이치킨-조선대점,김말이,2000
걸작떡볶이치킨-조선대점,새우튀김,3500
걸작떡볶이치킨-조선대점,모짜렐라 핫도그,3000
걸작떡볶이치킨-조선대점,흑당치즈볼,3000
대박꼬마김밥-동구점,야채 꼬마김밥,4500
대박꼬마김밥-동구점,김치볶음 꼬마김밥,5000
대박꼬마김밥-동구점,참치 꼬마김밥,5000
대박꼬마김밥-동구점,고추참치 꼬마김밥,5000
대박꼬마김밥-동구점,오뎅탕,5000
대박꼬마김밥-동구점,즉석 떡볶이,5000
강엄마네맛있지우,쫄면,6000
강엄마네맛있지우,떡볶이,4500
강엄마네맛있지우,치즈떡볶이,6000
강엄마네맛있지우,어묵탕,5000
강엄마네맛있지우,강맛 김밥,3500
강엄마네맛있지우,참치김밥,4000
강엄마네맛있지우,치즈김밥,4000
강엄마네맛있지우,고기만두,4500
강엄마네맛있지우,김치만두,4500
강엄마네맛있지우,김치볶음밥,7000
강엄마네맛있지우,제육덮밥,8500
김밥선수야식선수,김밥,3000
김밥선수야식선수,스팸김밥,4000
김밥선수야식선수,참치김밥,4000
김밥선수야식선수,떡볶이,5000
김밥선수야식선수,치즈 떡볶이,5500
김밥선수야식선수,김치 볶음밥,7000
김밥선수야식선수,제육 덮밥,8000
김밥선수야식선수,쫄면,6500
김밥선수야식선수,우동,4500
김밥선수야식선수,돈까스,7000
김밥선수야식선수,치즈돈까스,8000
김밥선수야식선수,왕고기만두,5000
김밥선수야식선수,왕김치만두,5000
굿맘김밥도시락,굿맘 김밥,3000
굿맘김밥도시락,우엉 김밥,3500
굿맘김밥도시락,참치 김밥,3500
굿맘김밥도시락,고추참치 김밥,4000
굿맘김밥도시락,돈까스 김밥,4000
굿맘김밥도시락,김치 볶음밥,6000
굿맘김밥도시락,등심돈까스,8000
굿맘김밥도시락,치즈돈까스,9000
응급실국물떡볶이-전남대점,국물떡볶이,14000
응급실국물떡볶이-전남대점,로제떡볶이,17000
응급실국물떡볶이-전남대점,순대,4000
응급실국물떡볶이-전남대점,오뎅탕,5000
킹s분식,육전비빔국수,9000
킹s분식,떡볶이,8000
킹s분식,김밥,3300
킹s분식,통소세지김밥,3800
킹s분식,참치김밥,4300
킹s분식,김치볶음밥,6500
킹s분식,김치우동,5500
풍성,짜장,6000
풍성,짬뽕,7500
풍성,우동,8000
풍성,간짜장,8000
풍성,울면,8000
풍성,매운짜장,9000
풍성,매운짬뽕,9000
풍성,삼선짜장,10000
풍성,삼선짬뽕,10000
풍성,삼선우동,10000
풍성,삼선울면,10000
풍성,냉짬뽕,11000
풍성,화끈왕짜장,10000
풍성,화끈왕짬뽕,10000
풍성,차돌짬뽕,11000
풍성,숙주차돌백짬뽕,11000
풍성,전복특짬뽕,13000
풍성,유니짜장,18000
풍성,쟁반짜장,17000
풍성,쟁반짬뽕,18000
풍성,차돌물짜장,10000
옌타이-광주동구점,짜장,6000
옌타이-광주동구점,짬뽕,8000
옌타이-광주동구점,우동,8000
옌타이-광주동구점,간짜장,8000
옌타이-광주동구점,삼선간짜장,9500
옌타이-광주동구점,불짜장,9500
옌타이-광주동구점,삼선짬뽕,10000
옌타이-광주동구점,고추짬뽕,10000
옌타이-광주동구점,삼선우동,10000
옌타이-광주동구점,쟁반짜장(2인),18000
옌타이-광주동구점,불쟁반(2인),19000
옌타이-광주동구점,볶음짬뽕(2인),20000
옌타이-광주동구점,차돌짬뽕,12000
옌타이-광주동구점,하얀짬뽕,10500
옌타이-광주동구점,매운삼겹살짬뽕,11500
옌타이-광주동구점,굴짬뽕,11000
옌타이-광주동구점,국밥,8500
옌타이-광주동구점,볶음밥,8500
옌타이-광주동구점,오므라이스,9000
옌타이-광주동구점,짜장밥,8000
옌타이-광주동구점,새우볶음밥,10500
옌타이-광주동구점,삼선볶음밥,10500
옌타이-광주동구점,삼선국밥,11000
옌타이-광주동구점,잡채밥,10500
옌타이-광주동구점,해물덮밥,10500
옌타이-광주동구점,송이덮밥,10500
옌타이-광주동구점,유산슬덮밥,12000
옌타이-광주동구점,고추덮밥,12000
옌타이-광주동구점,잡탕밥,12000
옌타이-광주동구점,마파덮밥,11000
옌타이-광주동구점,차돌국밥,12000
옌타이-광주동구점,하얀국밥,10500
옌타이-광주동구점,굴국밥,11000
황제짜장-본점,쟁반짜장,8500
황제짜장-본점,사천짬뽕,9500
황제짜장-본점,사천국밥,10000
황제짜장-본점,불짬뽕,9500
황제짜장-본점,불국밥,10000
황제짜장-본점,쟁반잡채밥,10000
황제짜장-본점,쟁반볶음짬뽕,9500
황제짜장-본점,왕짜장,10000
황제짜장-본점,불짜장,9500
황제짜장-본점,왕짬뽕,10500
황제짜장-본점,고추짬뽕,10000
황제짜장-본점,우동,7500
황제짜장-본점,삼선우동,9500
황제짜장-본점,울면,8000
황제짜장-본점,삼선울면,10000
황제짜장-본점,차돌왕짬뽕,13000
황제짜장-본점,간짜장,7500
소림마라-광주동구점,마라탕,10000
소림마라-광주동구점,마라샹궈,15000
소림마라-광주동구점,로제샹궈,17000
소림마라-광주동구점,꿔바로우,11000
소림마라-광주동구점,통새우 꿔바로우,11000
소림마라-광주동구점,크림 통새우 꿔바로우,12000
소림마라-광주동구점,볶음밥,7000
소림마라-광주동구점,마라 볶음밥,8000
일품-동구점,짜장면,6000
일품-동구점,간짜장,7500
일품-동구점,삼선간짜장,9000
일품-동구점,삼선짜장,9000
일품-동구점,고추짬뽕,10000
일품-동구점,삼선짬뽕,9500
일품-동구점,신(辛) 돈짬뽕,10000
일품-동구점,짬뽕,7500
일품-동구점,우동,7500
일품-동구점,불짜장,8500
일품-동구점,신(辛) 돈짜장,9000
일품-동구점,삼선우동,9500
일품-동구점,콩물국수,8000
만리향-충장점,짜장면,6000
만리향-충장점,짬뽕,7500
만리향-충장점,왕짜장,9500
만리향-충장점,왕짬뽕,10000
만리향-충장점,냉면,7000
만리향-충장점,우동,7500
만리향-충장점,간짜장,7500
만리향-충장점,쟁반짜장,16000
만리향-충장점,삼선우동,9500
만리향-충장점,울면,8000
만리향-충장점,삼선짜장,9500
만리향-충장점,사천짜장,9500
만리향-충장점,삼선울면,9500
만리향-충장점,삼선짬뽕,9500
만리향-충장점,고추짬뽕,9500
만리향-충장점,홍합짬뽕,9500
만리향-충장점,불짬뽕,9500
만리향-충장점,차돌박이짬뽕,11000
만리향-충장점,국밥,9500
만리향-충장점,볶음밥,8000
만리향-충장점,짜장밥,8000
만리향-충장점,오므라이스,7000
만리향-충장점,새우볶음밥,8000
만리향-충장점,삼선볶음밥,9500
만리향-충장점,김치볶음밥,9500
만리향-충장점,잡채밥,8500
만리향-충장점,삼선국밥,9000
만리향-충장점,고추국밥,9500
만리향-충장점,송이덮밥,9000
만리향-충장점,해물덮밥,9500
만리향-충장점,제육덮밥,9000
만리향-충장점,마파덮밥,9000
만리향-충장점,소고기덮밥,9000
만리향-충장점,잡탕밥,13000
지존마라탕,마라탕,10000
지존마라탕,마라샹궈,18000
지존마라탕,꿔바로우,9800
지존마라탕,새우계란볶음밥,7000
지존마라탕,꽃빵튀김,6000
라쿵푸마라탕-전남대점,마라탕,12000
라쿵푸마라탕-전남대점,마약마라샹궈,20000
라쿵푸마라탕-전남대점,꿔바로우,10000
라쿵푸마라탕-전남대점,쇼룽보우(만두),8000
새벽달-본점,깐풍기,18500
새벽달-본점,사천식 블랙페퍼 탕수육,18500
새벽달-본점,크리스탈 새우,18500
새벽달-본점,칠리 새우,18500
새벽달-본점,유린기,18500
새벽달-본점,어향가지,12500
새벽달-본점,사천식 삼겹볶음,17500
새벽달-본점,유산슬,19500
새벽달-본점,마파두부,17500
새벽달-본점,고추잡채,16500
새벽달-본점,마라볶음면,12500
새벽달-본점,해물계란탕,11500
새벽달-본점,차돌마라탕,12500
새벽달-본점,고기 듬뿍 짜장면,9000
새벽달-본점,사천 짬뽕,10000
새벽달-본점,백짬뽕,10000
새벽달-본점,고추잡채덮밥,9500
새벽달-본점,삼겹버섯볶음덮밥,10000
새벽달-본점,마라볶음밥,7500
새벽달-본점,계란볶음밥,7500
봉선동대흥반점,짜장면,6500
봉선동대흥반점,우동,8000
봉선동대흥반점,간짜장,8500
봉선동대흥반점,짬뽕,8000
봉선동대흥반점,삼선간짜장,11000
봉선동대흥반점,유니간짜장,11000
봉선동대흥반점,삼선우동,11000
봉선동대흥반점,삼선짬뽕,11000
봉선동대흥반점,삼선울면,11000
봉선동대흥반점,기스면,11000
봉선동대흥반점,해물쟁반짜장,10000
봉선동대흥반점,해물쟁반짜장2인분,17000
봉선동대흥반점,해물볶음짬뽕2인분,17000
봉선동대흥반점,굴짬뽕,11000
봉선동대흥반점,차돌박이짬뽕,12000
홍첸루,짜장,5500
홍첸루,짬뽕,6500
홍첸루,간짜장,7000
홍첸루,불짜장,7500
홍첸루,우동,7500
홍첸루,울면,7500
홍첸루,홍합짬뽕,7500
홍첸루,해물짬뽕,9000
홍첸루,삼선짬뽕,11000
홍첸루,교동짬뽕,9500
홍첸루,고추짬뽕,9500
홍첸루,고기짬뽕,9500
홍첸루,차돌짬뽕,11000
홍첸루,볶음짬뽕,16000
홍첸루,쟁반짜장,15000
홍첸루,해물누룽지탕,13000
홍첸루,굴짬뽕,8500
홍첸루,삼선간짜장,9000
홍첸루,크림짬뽕,11000
홍첸루,삼선짜장,8000
신사천마라탕-전대점,마라탕,13000
신사천마라탕-전대점,마라향궈,18000
신사천마라탕-전대점,꿔바로우,10000
신사천마라탕-전대점,마라새우,15000
신사천마라탕-전대점,마파두부,10000
신사천마라탕-전대점,쯔란양고기,15000
신사천마라탕-전대점,쯔란소고기,15000
신사천마라탕-전대점,건두부볶음,10000
신사천마라탕-전대점,계란볶음밥,7500
신사천마라탕-전대점,새우볶음밥,7500
신사천마라탕-전대점,토마토계란덮밥,7500
라화쿵부-광주충장로점,마라탕,10000
라화쿵부-광주충장로점,마라향궈,14000
라화쿵부-광주충장로점,고기빠오즈,7000
판다마라탕&마라샹궈-남구점,차돌박이 마라탕,22000
판다마라탕&마라샹궈-남구점,차돌박이 마라샹궈,23000
판다마라탕&마라샹궈-남구점,미니꿔바로우,10000
동명반점,짜장면,5000
동명반점,삼겹짜장,8500
동명반점,삼겹짜장밥,8000
동명반점,우삼겹숙주짬뽕,10500
동명반점,우삼겹숙주국밥,10500
동명반점,볶음밥,6500
동명반점,탕수육,18000
적-본점,교동짬뽕,7500
적-본점,차슈짬뽕,9000
적-본점,차돌짬뽕,9000
적-본점,마라짬뽕,8500
적-본점,계란볶음밥,7500
적-본점,새우볶음밥,8500
적-본점,간장버터계란밥,8000
봉선동청도,짜장면,6000
봉선동청도,짬뽕,8000
봉선동청도,국밥,8500
봉선동청도,볶음밥,8000
봉선동청도,마파두부밥,9000
봉선동청도,고추잡채밥,9000
봉선동청도,탕수육,17000
봉선동청도,양장피,18000
봉선동청도,깐풍기,18000
봉선동청도,깐풍새우,22000
봉선동청도,고추잡채,18000
봉선동청도,유산슬,18000
봉선동청도,수제 면보샤 4개,10000
봉선동청도,가지튀김,15000
봉선동청도,유니짜장,10000
봉선동청도,유산슬밥,14000
홍궁-광주본점,옛날손짜장면,6500
홍궁-광주본점,유니손짜장,7500
홍궁-광주본점,사천식짜장면,10000
홍궁-광주본점,삼선간짜장면,9000
홍궁-광주본점,해물쟁반짜장(2인）,18000
홍궁-광주본점,삼선해물짬뽕,10000
홍궁-광주본점,유슬해물짬뽕,10000
홍궁-광주본점,특선감동우동,10000
홍궁-광주본점,해물삼선볶음면,12000
홍궁-광주본점,삼선울면,10000
홍궁-광주본점,삼선볶음밥,10000
홍궁-광주본점,햄XO장볶음밥,10000
홍궁-광주본점,오믈렛,10000
홍궁-광주본점,해물잡채밥,10000
홍궁-광주본점,특선해물짬뽕밥,11000
홍궁-광주본점,새우게살볶음밥,10000
홍궁-광주본점,해물칠리덮밥,12000
홍궁-광주본점,소고기덮밥,12000
홍궁-광주본점,유산슬덮밥,14000
홍궁-광주본점,팔진잡탕밥,15000
홍궁-광주본점,천연자연송이덮밥,15000
홍궁-광주본점,삼선특미짜장밥,10000
홍궁-광주본점,신짬뽕,10000
홍궁-광주본점,황태짬뽕,10000
애상마라탕충장3호점,마라탕,12000
애상마라탕충장3호점,마라샹궈,16000
애상마라탕충장3호점,볶음밥,7000
교동짬뽕-임동사거리점,굴짬뽕,10000
교동짬뽕-임동사거리점,굴짬뽕밥,10000
교동짬뽕-임동사거리점,짬뽕,9000
교동짬뽕-임동사거리점,짬뽕밥,9000
교동짬뽕-임동사거리점,짜장,6000
교동짬뽕-임동사거리점,짜장밥,6000
교동짬뽕-임동사거리점,군만두,5000
교동짬뽕-임동사거리점,탕수육 小,15000
교동짬뽕-임동사거리점,탕수육 中,20000
야미마라탕-광주점,소고기마라탕,10000
야미마라탕-광주점,양고기마라탕,10000
야미마라탕-광주점,야채마라탕,8000
왕자관-돌고개점,手 콩물국수,8500
왕자관-돌고개점,초계물냉면,8000
왕자관-돌고개점,초계비빔냉면,8000
왕자관-돌고개점,감자짜장면,6000
왕자관-돌고개점,돼아지대패짬뽕,9000
왕자관-돌고개점,삼선해물왕짬뽕,11000
왕자관-돌고개점,삼선우동,8500
왕자관-돌고개점,원조볶음밥,7000
왕자관-돌고개점,원조새우볶음밥,8500
왕자관-돌고개점,고추잡채밥,10000
왕자관-돌고개점,중화비빔밥,10000
마공방,마라탕,16000
마공방,마라상궈,18000
중산-유스퀘어점,우삼겹짬뽕,12500
중산-유스퀘어점,비빔짬뽕,12500
중산-유스퀘어점,중산짬뽕,10500
중산-유스퀘어점,매운해물짬뽕,12500
중산-유스퀘어점,우동,10500
중산-유스퀘어점,해물볶음짜장,11500
중산-유스퀘어점,짜장면,8500
중산-유스퀘어점,냉콩국수,9500
마라미녀마라탕-남구점,마라탕,4900
마라미녀마라탕-남구점,차돌 마라탕,15800
마라미녀마라탕-남구점,마라샹궈,18000
마라미녀마라탕-남구점,멘보샤,8000
마라미녀마라탕-남구점,볶음밥,8000
마라미녀마라탕-남구점,궈바로우 小,9800
마라미녀마라탕-남구점,궈바로우 大,16800
애상마라탕-충장점,애상마라탕,12000
애상마라탕-충장점,애상마라샹궈,16000
애상마라탕-충장점,볶음밥,7000
마라탕전문점소림마라-광주남구점,소림마라 마라탕,10000
마라탕전문점소림마라-광주남구점,내맘대로 골라담아 마라탕,2000
마라탕전문점소림마라-광주남구점,소림마라 로제샹궈,17000
마라탕전문점소림마라-광주남구점,소림마라 마라샹궈,15000
마라탕전문점소림마라-광주남구점,소고기 마라탕,22000
마라탕전문점소림마라-광주남구점,소림마라 꿔바로우,11000
마라탕전문점소림마라-광주남구점,통새우 꿔바로우,11000
마라탕전문점소림마라-광주남구점,크림 통새우 꿔바로우,12000
마라탕전문점소림마라-광주남구점,볶음밥,6000
마라탕전문점소림마라-광주남구점,마라볶음밥,8000
마라탕전문점소림마라-광주남구점,미니마라탕＋꿔바로우,15500
이씨네오이시카레,로스카츠 카레,8500
이씨네오이시카레,히레카츠 카레,8500
이씨네오이시카레,멘치카츠 카레,8500
이씨네오이시카레,가라아게 카레,8500
이씨네오이시카레,토마토 스크램블 카레,8500
이씨네오이시카레,베이컨 스크램블 카레,8500
이씨네오이시카레,스팸소시지 카레,8500
이씨네오이시카레,해쉬브라운 카레,8500
이씨네오이시카레,중화비빔밥,7500
북경깐풍기,깐풍기中,16000
북경깐풍기,깐풍기大,19000
북경깐풍기,깐풍기특大,27000
북경깐풍기,어니언깐풍기小,18000
북경깐풍기,어니언깐풍기中,22000
북경깐풍기,어니언깐풍기大,29000
북경깐풍기,돈까스,6000
에머이베트남쌀국수-광주충장점,양지 쌀국수,10900
에머이베트남쌀국수-광주충장점,매운 쌀국수,11900
에머이베트남쌀국수-광주충장점,차돌 쌀국수,13000
에머이베트남쌀국수-광주충장점,불고기 쌀국수,12000
에머이베트남쌀국수-광주충장점,분짜,15000
에머이베트남쌀국수-광주충장점,볶음밥,10900
에머이베트남쌀국수-광주충장점,껌팃헤오,10900
에머이베트남쌀국수-광주충장점,야채볶음,9000
에머이베트남쌀국수-광주충장점,넴,7500
에머이베트남쌀국수-광주충장점,반쎄오,18000
ODA오늘부터다이어트,두부면 알리오 올리오,10900
ODA오늘부터다이어트,두부면 까르보나라 파스타,10900
ODA오늘부터다이어트,두부면 토마토 파스타,10900
ODA오늘부터다이어트,두부면 로제 파스타,11900
ODA오늘부터다이어트,두부면 매운크림 파스타,12900
ODA오늘부터다이어트,두부면 바질 오일 파스타,13500
ODA오늘부터다이어트,두부면 바질 크림 파스타,13500
ODA오늘부터다이어트,크림 리조또,10900
ODA오늘부터다이어트,토마토 리조또,10900
ODA오늘부터다이어트,로제 리조또,11900
ODA오늘부터다이어트,매운 크림 리조또,12900
ODA오늘부터다이어트,바질 크림 리조또,13500
로이쾅훠궈&마라탕,마라탕,12000
로이쾅훠궈&마라탕,마라샹궈,15000
로이쾅훠궈&마라탕,샤오미 마라탕,12000
로이쾅훠궈&마라탕,마라반,13000
아리산-동구점,짜장면,6000
아리산-동구점,간짜장,7500
아리산-동구점,짬뽕,7500
아리산-동구점,우동,7500
아리산-동구점,불짜장,9000
아리산-동구점,삼선간짜장,9500
아리산-동구점,해물왕짜장,9500
아리산-동구점,辛삼겹살짜장,9000
아리산-동구점,辛삼겹살짬뽕,10000
아리산-동구점,고추해물짬뽕,10000
아리산-동구점,삼선짬뽕,10000
아리산-동구점,해물왕짬뽕,10000
아리산-동구점,차돌해물짬뽕,11000
아리산-동구점,삼선우동,9500
아리산-동구점,쟁반짜장,16000
아리산-동구점,불쟁반짜장,17000
아리산-동구점,볶음밥,8000
아리산-동구점,국밥,8000
아리산-동구점,짜장밥,7500
아리산-동구점,오므라이스,8000
아리산-동구점,잡채밥,9000
아리산-동구점,마파두부밥,9000
아리산-동구점,새우볶음밥,9500
아리산-동구점,삼선볶음밥,9500
아리산-동구점,삼선국밥,10000
아리산-동구점,해물덮밥,10000
아리산-동구점,송이덮밥,9000
아리산-동구점,잡탕밥,13000
아리산-동구점,동파육덮밥,12000
아리산-동구점,신삼겹국밥,10000
아리산-동구점,유산슬밥,13000
향루,짜장이면,6000
향루,우동,7500
향루,짬뽕,7500
향루,간짜장,7500
향루,비벼먹는짬짜면,7500
향루,볶음짬뽕,8500
향루,삼선짜장,8500
향루,삼선우동,9000
향루,삼선짬뽕,9000
향루,고추짬뽕,9000
향루,쟁반짜장,16000
향루,쟁반짬뽕,17000
향루,국밥,7500
향루,볶음밥,7500
향루,오므라이스,7500
향루,육개장,8000
향루,잡채밥,8000
향루,새우덮밥,9000
향루,해물덮밥,9000
향루,삼선볶음밥,8500
향루,새우볶음밥,8500
향루,송이덮밥,9000
향루,삼선국밥,9000
향루,고추짬뽕밥,9000
향루,잡탕밥,13000
향루,유산슬밥,13000
향루,짬뽕국물,7000
열도지,볶음밥,9000
열도지,사천볶음밥,9500
열도지,해물덮밥,11000
열도지,고추잡채밥,9500
열도지,수제군만두,7500
열도지,깐풍기,27000
열도지,고추잡채,24000
열도지,사천탕수육,22000
열도지,탕수육,18000
열도지,크림새우,27000
열도지,깐쇼새우,27000
열도지,깐풍새우,27000
열도지,팔보채,29000
웍앤그릴진짬뽕,짜장이면,7000
웍앤그릴진짬뽕,진짬뽕,9500
웍앤그릴진짬뽕,진짬뽕밥,9500
웍앤그릴진짬뽕,차돌짬뽕,12000
웍앤그릴진짬뽕,차돌짬뽕밥,12000
웍앤그릴진짬뽕,새우볶음밥,10000
웍앤그릴진짬뽕,새우잡채밥,11000
웍앤그릴진짬뽕,해물잡탕밥,13000
웍앤그릴진짬뽕,해물쟁반짜장,10000
웍앤그릴진짬뽕,매콤쟁반짜장,10000
웍앤그릴진짬뽕,앗 매워짬뽕,10000
웍앤그릴진짬뽕,앗~매워짬뽕밥,10000
웍앤그릴진짬뽕,콩물국수,9000
피슈마라홍탕-조선대점,마라홍탕,12000
피슈마라홍탕-조선대점,내맘대로 마라탕,1000
피슈마라홍탕-조선대점,마라샹궈,18000
피슈마라홍탕-조선대점,내맘대로 마라샹궈,1000
피슈마라홍탕-조선대점,미니전,2500
피슈마라홍탕-조선대점,피슈 군만두,5000
피슈마라홍탕-조선대점,양저우 볶음밥,7000
광동진씨,구름 탕수육,18000
광동진씨,양장피,18000
광동진씨,깐풍육,19000
광동진씨,칠리새우,23000
광동진씨,해산물누룽지탕,25000
광동진씨,해산물볶음,25000
동백,짜계치,7000
동백,동백차돌교동짬뽕,9000
동백,버터계란밥,7000
동백,매콤야끼우동,9000
동백,새우볶음밥,8500
동백,새우멘보샤 4개,6500
동백,차돌마라짬뽕,9000
동백,케이준감자튀김,9000
동백,치킨가라아게,9000
동백,오코노미야끼,9000
동백,다코야끼 8개,7000
동백,바삭군만두 6개,4500
불타는짜장-본점,차돌박이짬뽕,9000
불타는짜장-본점,짜장,5000
불타는짜장-본점,간짜장,7000
불타는짜장-본점,짬뽕,6000
불타는짜장-본점,우동,6000
불타는짜장-본점,삼선간짜장,8000
불타는짜장-본점,삼선짬뽕,8000
불타는짜장-본점,볶음밥,6500
불타는짜장-본점,국밥,6500
불타는짜장-본점,우동밥,6500
불타는짜장-본점,잡채밥,7000
불타는짜장-본점,오므라이스,7000
만다린-광주본점,짜장,6000
만다린-광주본점,우동,7500
만다린-광주본점,짬뽕,7500
만다린-광주본점,간짜장,8000
만다린-광주본점,울면,8000
만다린-광주본점,기스면,10000
만다린-광주본점,삼선짬뽕,9000
만다린-광주본점,삼선고추짬뽕,10000
만다린-광주본점,삼선간짜장,9000
만다린-광주본점,삼선우동,9000
만다린-광주본점,쟁반짜장 （2人）,16000
만다린-광주본점,볶음짬뽕 （2人）,17000
만다린-광주본점,통오징어왕짬뽕,13000
만다린-광주본점,통오징어왕짜장,13000
만다린-광주본점,홍합왕짬뽕,13000
만다린-광주본점,해물왕짬뽕,12000
만다린-광주본점,해물왕짜장,12000
호화반점-광주본점,짜장,6000
호화반점-광주본점,우동,7000
호화반점-광주본점,짬뽕,7000
호화반점-광주본점,간짜장,7500
호화반점-광주본점,울면,8000
호화반점-광주본점,기스면,10000
호화반점-광주본점,삼선짬뽕,9000
호화반점-광주본점,삼선고추짬뽕,10000
호화반점-광주본점,삼선간짜장,9000
호화반점-광주본점,삼선우동,9000
호화반점-광주본점,쟁반짜장 （2人）,16000
호화반점-광주본점,볶음짬뽕 （2人）,17000
호화반점-광주본점,통오징어왕짬뽕,13000
호화반점-광주본점,통오징어왕짜장,13000
호화반점-광주본점,홍합왕짬뽕,13000
호화반점-광주본점,해물왕짬뽕,12000
호화반점-광주본점,해물왕짜장,12000
동명동오노프,쉬림프 닭갈비,24000
동명동오노프,생오리주물럭,26000
동명동오노프,대패두부김치,19000
동명동오노프,고추장대패전골,22000
동명동오노프,꽃게살 비빔밥,12000
동명동오노프,중화덮밥,12000
동명동오노프,육회,23000
윤끼,광어 초밥,4000
윤끼,연어 초밥,4000
윤끼,연어스테이크 초밥,4000
윤끼,소고기 초밥,4000
윤끼,생새우 초밥,3800
윤끼,간장새우 초밥,3800
미스터초밥-진월점,스테이크초밥,16000
미스터초밥-진월점,연어초밥,15000
미스터초밥-진월점,연어구이초밥,15000
미스터초밥-진월점,참치초밥,22000
미스터초밥-진월점,소라초밥,12000
미스터초밥-진월점,장어초밥,18000
미스터초밥-진월점,새우초밥,11000
마마통이자카야-동명동구점,나가사끼 짬뽕,22000
마마통이자카야-동명동구점,해물볶음우동,12000
마마통이자카야-동명동구점,트러플연어후토마키,17000
마마통이자카야-동명동구점,표고 새우살튀김＋감자튀김＋샐러드,19000
이실장회포차-소태점,세꼬시,35000
이실장회포차-소태점,막회,35000
이실장회포차-소태점,활어회,35000
이실장회포차-소태점,모듬회,45000
스시만-백운본점,광어（10p）,18000
스시만-백운본점,연어（10p）,15000
스시만-백운본점,유부（10p）,5000
스시만-백운본점,연어롤,8000
마쏘라까망베르,수제돈까스,8500
마쏘라까망베르,치즈돈까스,9500
마쏘라까망베르,고구마돈까스,9500
오꼬다꼬-본점,타고야끼,5000
오꼬다꼬-본점,오코노미야끼,11000
오꼬다꼬-본점,해산물 오코노미야끼,14000
스시코메루,돈까스,9000
스시코메루,가츠오 우동,7000
스시코메루,소바,9000
스시코메루,연어 사시미,25000
스시코메루,후토마끼,14000
스시코메루,사케보우즈시,18000
수타코야끼,타코야끼,4000
동명동별관,딱새우회,31000
동명동별관,연어한판,19000
동명동별관,우삼겹숙주볶음,17000
동명동별관,문어숙회,23000
동명동별관,전복,25000
동명동별관,멍게,20000
지은초밥,활어초밥,18000
지은초밥,연어초밥,16000
지은초밥,한우불초밥,18000
지은초밥,후토마끼,14000
장보고횟집-봉선점,오독오독한 상어회,30000
장보고횟집-봉선점,여름보양식 농어,25000
장보고횟집-봉선점,오독오독 간재미,25000
장보고횟집-봉선점,졸깃한 참돔회,60000
장보고횟집-봉선점,부드러운 광어회,50000
장보고횟집-봉선점,민어회,50000
159동,연어덮밥,12000
159동,장어덮밥,16000
159동,크림카레,9500
159동,치킨가라아게,16000
159동,레드카레,9500
잘먹었습니다,정통돈까스,9000
잘먹었습니다,치즈돈까스,11000
잘먹었습니다,고구마돈까스,11000
잘먹었습니다,샐러드돈까스,11000
잘먹었습니다,청양마요돈까스,11000
유메이-조선대점,수제 돈까스,17000
유메이-조선대점,치킨 가라아게,18000
유메이-조선대점,왕새우모듬튀김,18000
유메이-조선대점,메로구이,20000
유메이-조선대점,문어초회,17000
유메이-조선대점,오뎅탕,18000
장어수산-본점,장어 소금구이,42000
장어수산-본점,장어 양념구이,42000
장어수산-본점,새우 버터구이,28000
장어수산-본점,왕새우 소금구이,28000
장어수산-본점,꽃게 찜,17000
돈까스먹는치킨돈치호테,수제 돈까스,9000
돈까스먹는치킨돈치호테,후라이드치킨,17000
돈까스먹는치킨돈치호테,양념치킨,17000
돈까스먹는치킨돈치호테,간장치킨,17000
사계절참치,홍어무침,25000
사계절참치,참치특초밥,20000
사계절참치,연어초밥,12000
사계절참치,소라초밥,12000
사계절참치,참치초밥,15000
바다포차돌섬,ONLY 연어,37000
바다포차돌섬,ONLY 광어,38000
바다포차돌섬,가리비 찜,26000
바다포차돌섬,문어 숙회,27000
홍대돈부리,규동,10000
홍대돈부리,불규동,11000
홍대돈부리,에비동,8500
홍대돈부리,가츠동,7900
홍대돈부리,가라아게동,8500
홍대돈부리,히레카츠동,8900
이레초밥,참치초밥,18000
이레초밥,스테이크초밥,16000
이레초밥,광어초밥,18000
이레초밥,연어초밥,14000
이레초밥,생새우초밥,11000
이레초밥,계란초밥,8000
오이시-동명점,돈코츠라멘,8500
오이시-동명점,가츠동,9000
오이시-동명점,연어회,25000
오이시-동명점,메로구이,25000
오이시-동명점,사케동,12000
상도초밥,활어（5p）,9500
상도초밥,연어（5p）,8000
상도초밥,참치（5p）,9000
상도초밥,생새우（5p）,8000
상도초밥,소라（5p）,6500
상도초밥,장어（5p）,9000
오로지연어랑,생연어회,22000
오로지연어랑,연어회덮밥,8000
오로지연어랑,광어회덮밥,8000
오로지연어랑,왕새우튀김,16000
오로지연어랑,연어살구이,8000
오로지연어랑,연어머리구이,12000
고레카레-북구점,버섯 카레라이스 + 돈까스,14000
고레카레-북구점,치킨가라아게 카레라이스,10000
고레카레-북구점,생등심돈까스 카레라이스,10000
고레카레-북구점,치즈돈까스 카레라이스,11000
고레카레-북구점,기본 카레 + 밥,8000
마마통이자카야-남구점,나가사끼 짬뽕,22000
마마통이자카야-남구점,해물야끼우동,12000
마마통이자카야-남구점,트러플연어후토마키,17000
상무초밥-봉선점,연어초밥 8p,15000
상무초밥-봉선점,간장새우 5p,8500
상무초밥-봉선점,활어초밥 10p,18000
상무초밥-봉선점,참치초밥 10p,18000
상무초밥-봉선점,장어초밥 8p,18000
상무초밥-봉선점,소고기불초밥 8p,15000
맛있는카츠,왕돈카츠,10000
맛있는카츠,고구마치즈돈카츠,11000
맛있는카츠,피자돈카츠,9500
맛있는카츠,치즈돈카츠,9500
맛있는카츠,등심카츠,8500
맛있는카츠,생선카츠,8500
맛있는카츠,치킨카츠,8500
달곰식당,해물볶음우동,8000
달곰식당,연어냉우동,11000
달곰식당,참치회덮밥,8000
달곰식당,연어샐러드,11000
맛있는카츠-직영점,왕돈카츠,10000
맛있는카츠-직영점,고구마치즈돈,11000
맛있는카츠-직영점,피자돈카츠,9500
맛있는카츠-직영점,치즈돈카츠,9500
맛있는카츠-직영점,등심카츠,8500
맛있는카츠-직영점,생선카츠,8500
맛있는카츠-직영점,치킨카츠,8500
청춘덮밥-충장점,청춘덮밥,5900
청춘덮밥-충장점,불타는 청춘덮밥,5900
청춘덮밥-충장점,스테이크 덮밥,9900
청춘덮밥-충장점,연어덮밥,10900
청춘덮밥-충장점,참치덮밥,10900
동명카츠-양림점,생 등심돈카츠,3900
동명카츠-양림점,리얼 치즈 돈카츠,4900
동명카츠-양림점,카레돈카츠,4200
동명카츠-양림점,생 안심돈카츠 2ps,5900
동명카츠-양림점,텐더 커틀렛,5000
동명카츠-양림점,통살 생선 커틀렛 1ps,3500
KING수산,광어 사시미,20000
KING수산,우럭 사시미,25000
KING수산,생연어 사시미,19000
KING수산,참돔 사시미,12000
마네키-봉선점,로스카츠,8500
마네키-봉선점,히레카츠,9000
마네키-봉선점,마네키카츠,11000
마네키-봉선점,모짜렐라 치즈카츠,9500
공초밥-동명점,활어 초밥 10p,19000
공초밥-동명점,연어 초밥 10p,16000
공초밥-동명점,참치 초밥 8p,18000
공초밥-동명점,소고기 불초밥 10p,18000
공초밥-동명점,생새우 초밥 10p,17000
미공간,생연어사시미 340g,24000
미공간,매콤한 남도식 고추장소스 육회,23000
미공간,깻잎향 가득한 매콤불맛 소고기숙주볶음,20000
미공간,겉바속촉 야들한 수비드 통삼겹수육,18000
미공간,담백한 소고기 버섯 전골,23000
하랑은초밥&덮밥&메밀-산수점,생연어샐러드,12000
하랑은초밥&덮밥&메밀-산수점,생연어초밥,9000
하랑은초밥&덮밥&메밀-산수점,새우초밥,7500
하랑은초밥&덮밥&메밀-산수점,새우튀김초밥,7500
하랑은초밥&덮밥&메밀-산수점,소라초밥,7500
하랑은초밥&덮밥&메밀-산수점,장어초밥,8500
상무초밥-계림점,연어초밥 8p,15000
상무초밥-계림점,간장새우 5p,8500
상무초밥-계림점,활어초밥 10p,18000
상무초밥-계림점,참치초밥 10p,18000
상무초밥-계림점,장어초밥 8p,18000
상무초밥-계림점,소고기불초밥 8p,15000
오케이초밥,연어초밥,7500
오케이초밥,소고기초밥,9000
오케이초밥,새우초밥,5000
오케이초밥,유부초밥,3000
오케이초밥,생연어덮밥,10000
오케이초밥,돈까스덮밥,8500
무모한초밥-화정점,광어 초밥（10p）,14900
무모한초밥-화정점,연어 초밥（10p）,14900
무모한초밥-화정점,회덮밥 1인분,9900
무모한초밥-화정점,소고기초밥,7900
정초밥-봉선본점,광어초밥 10P,20000
정초밥-봉선본점,도미 10P,23000
정초밥-봉선본점,연어초밥 10P,16000
정초밥-봉선본점,참치초밥 10P,25000
정초밥-봉선본점,장어초밥 10P,22000
정초밥-봉선본점,소라초밥 10P,10000
제라진돈카츠-조선대점,등심돈카츠,8500
제라진돈카츠-조선대점,안심돈카츠,8900
제라진돈카츠-조선대점,모짜렐라치즈돈카츠,11000
제라진돈카츠-조선대점,모듬돈카츠,10000
연어홀릭,생연어회,20000
연어홀릭,생연어 덮밥,10000
연어홀릭,간장새우장 덮밥,11000
연어홀릭,새우튀김 덮밥,10000
연어홀릭,생연어 초밥 ( 10p ),17000
칸세이스시,생선초밥 ( 10p ),17000
칸세이스시,연어초밥 ( 8p ),15000
칸세이스시,사케동,13000
칸세이스시,후토마끼 ( 오이포함 ),18000
칸세이스시,등심돈카츠도시락,9400
바른초밥-학동점,활어초밥 ( 10p ),18000
바른초밥-학동점,연어초밥 ( 10p ),15000
바른초밥-학동점,물회 + 소면,15000
바른초밥-학동점,참치초밥 ( 10p ),18000
바른초밥-학동점,생새우초밥 ( 8p ),14000
최고당돈가스-동명점,수제 등심돈가스,6900
최고당돈가스-동명점,치킨안심까스,8400
최고당돈가스-동명점,치즈돈가스,8400
최고당돈가스-동명점,카레돈가스,8400
최고당돈가스-동명점,매운칠리,8400
서문어시장,모듬회 （소）,30000
서문어시장,광어 （소）,30000
서문어시장,산오징어 （소）,30000
서문어시장,참돔 （소）,30000
서문어시장,물회 （소）,30000
사케류,치킨가라아게,18000
사케류,염통꼬치구이4개,6000
사케류,나가사끼짬뽕탕,20000
사케류,부산 수제 어묵전골,20000
사케류,오꼬노미야끼,20000
잇또의회덮밥먹는날-광주2호점,생선회덮밥,14000
잇또의회덮밥먹는날-광주2호점,모둠회덮밥,14000
잇또의회덮밥먹는날-광주2호점,생새우회덮밥,14000
잇또의회덮밥먹는날-광주2호점,한치회덮밥,14000
잇또의회덮밥먹는날-광주2호점,생연어덮밥,14000
야끼야끼수제생돈까스,수제 생등심돈까스 1ps,4500
야끼야끼수제생돈까스,수제 생안심 돈까스 2ps,5000
야끼야끼수제생돈까스,수제 케이준치킨 텐더 4ps,4000
야끼야끼수제생돈까스,수제 카레 생등심돈까스 1ps,4500
야끼야끼수제생돈까스,왕새우튀김 （3ps）,5000
돈까스틱 수제왕돈까스,수제왕돈까스,8900
돈까스틱 수제왕돈까스,수제치즈돈까스,9900
돈까스틱 수제왕돈까스,매운 수제왕돈까스,9500
형님육회-본점,육회,15000
형님육회-본점,육회비빔밥,8000
형님육회-본점,육회물회 ( 소면포함 ),9000
형님육회-본점,연어회,19000
형님육회-본점,연어초밥 6p,8000
형님육회-본점,생고기초밥6p,7000
뜸,연어초밥 8p,14000
뜸,장어덮밥,18000
뜸,연어회,20000
뜸,연어불초밥 8p,15000
오롯,연어사시미,29000
오롯,물회,32000
오롯,모츠나베,25000
오롯,나가사키짬뽕,25000
마로식탁,덴뿌라소바,10000
마로식탁,마로라멘,9000
마로식탁,돈코츠라멘,8500
마로식탁,미소라멘,8500
마로식탁,쇼유라멘,8500
마로식탁,가츠동,8500
바른초밥-두암직영점,장어초밥 8p,18000
바른초밥-두암직영점,연어초밥 8p,15000
바른초밥-두암직영점,연어불초밥 8p,16000
바른초밥-두암직영점,참치초밥 10p,18000
바른초밥-두암직영점,생새우초밥 8p,14000
갓잡은육회&연어-광주본점,왕 육회비빔밥 150g,14500
갓잡은육회&연어-광주본점,왕 연어덮밥 150g,14500
갓잡은육회&연어-광주본점,육회비빔밥 100g,11900
갓잡은육회&연어-광주본점,연어덮밥 100g,11900
완도산횟집,광어,40000
완도산횟집,돔,60000
완도산횟집,산전복회,40000
완도산횟집,산전복구이,40000
완도산횟집,쭈꾸미숙회,35000
완도산횟집,도다리회,50000
돈키호테-본점,수제등심돈가스,5000
돈키호테-본점,수제치즈돈가스,6000
돈키호테-본점,수제고구마치즈돈가스,6000
돈키호테-본점,수제단호박치즈돈가스,6000
돈키호테-본점,수제치킨가스,6000
돈키호테-본점,생선가스,5500
초밥의달인&냉모밀,냉모밀,8000
초밥의달인&냉모밀,연어초밥,4000
초밥의달인&냉모밀,광어초밥,4400
초밥의달인&냉모밀,참치초밥,4400
초밥의달인&냉모밀,장어초밥,4400
초밥의달인&냉모밀,스테이크초밥,4400
만원육회-동구점,육회 비빔밥,9000
만원육회-동구점,고추장육회 단품200g,11000
만원육회-동구점,우삼겹 비빔밥,9000
만원육회-동구점,간장육회 단품200g,11000
초승달초밥n죽,초승달 모듬초밥（10P）,9900
초승달초밥n죽,생연어초밥（8P）,14000
초승달초밥n죽,스테이크초밥（8P）,16000
초승달초밥n죽,초승달 특선초밥（10P）,14000
초승달초밥n죽,생연어회,20000
히메스시-광주본점,살몬롤 (연어롤),8000
히메스시-광주본점,크런치롤,8000
히메스시-광주본점,록큰롤 (장어롤),11000
히메스시-광주본점,유부초밥 9PCS,8000
히메스시-광주본점,소라초밥 9PCS,11000
히메스시-광주본점,참치초밥 9PCS,13000
청년수제돈까스,수제 등심돈까스,5500
청년수제돈까스,수제 치즈등심돈까스,6500
청년수제돈까스,물냉면,7500
서해수산활어직판장-두암점,숭어,25000
서해수산활어직판장-두암점,가리비찜,30000
서해수산활어직판장-두암점,우럭구이,25000
서해수산활어직판장-두암점,전어세트,65000
서해수산활어직판장-두암점,산오징어,38000
서해수산활어직판장-두암점,오징어물회,43000
미미당-충장점,돈까스,9000
미미당-충장점,냉모밀,7000
미미당-충장점,연어초밥 8p,10000
미미당-충장점,치즈 돈까스,10000
미미당-충장점,유부초밥,5000
미미당-충장점,유부우동,7000
홍도횟집,전복찜,20000
홍도횟집,낙지,20000
홍도횟집,해삼,20000
홍도횟집,참돔회,50000
홍도횟집,광어회,50000
홍도횟집,우럭,50000
거문도수산,광어회,26000
거문도수산,뿔소라,18000
거문도수산,참돔회,40000
거문도수산,쥐치회,26000
거문도수산,새우구이,28000
미소야&모밀&돈가스&덮밥&우동,매운철판돈카츠,11000
미소야&모밀&돈가스&덮밥&우동,매콤치즈카츠,12000
미소야&모밀&돈가스&덮밥&우동,치즈카츠,11500
미소야&모밀&돈가스&덮밥&우동,냉모밀,9000
미소야&모밀&돈가스&덮밥&우동,돈카츠동,9000
미소야&모밀&돈가스&덮밥&우동,회덮밥,9000
Kamo카모,매운맛버섯카레,7900
Kamo카모,순한맛치킨카레,7400
Kamo카모,진한맛소고기카레,8900
Kamo카모,돈까스정식,6900
오초밥,연어초밥 8P,13000
오초밥,참치초밥 10P,18000
오초밥,새우초밥 10P,11000
오초밥,치즈돈까스,12000
오초밥,광어초밥 10P,18000
데이지-학동점,치킨까스,12000
데이지-학동점,야끼우동,12000
데이지-학동점,돈까스,11000
데이지-학동점,치즈돈까스,13000
데이지-학동점,생선까스,14000
데이지-학동점,회덮밥,11000
오늘의레시피-남동구점,돈코츠라멘,8500
오늘의레시피-남동구점,탄탄멘,8500
오늘의레시피-남동구점,미소라멘,8500
오늘의레시피-남동구점,오코노미야끼,10000
오늘의레시피-남동구점,카라돈코츠라멘,8500
소랑회랑,한우육회,20000
소랑회랑,광어,20000
소랑회랑,우럭,20000
소랑회랑,낙지탕탕이,20000
소랑회랑,산오징어,20000
아비꼬&카레&우동&덮밥&돈가스,허브치킨카레라이스,9700
아비꼬&카레&우동&덮밥&돈가스,비프카레라이스,11000
아비꼬&카레&우동&덮밥&돈가스,바섯카레라이스,8500
아비꼬&카레&우동&덮밥&돈가스,돈카츠덮밥,9500
아비꼬&카레&우동&덮밥&돈가스,가지카레라이스,8500
하랑모밀&초밥-학동점,온모밀,5000
하랑모밀&초밥-학동점,돈까스,6500
하랑모밀&초밥-학동점,냉모밀,7000
하랑모밀&초밥-학동점,칼칼김치우동,7000
하랑모밀&초밥-학동점,새우튀김,4000
육회연어문어&인정,연어,21000
육회연어문어&인정,소고기육회,16000
육회연어문어&인정,산낙지,12000
육회연어문어&인정,해삼,12000
육회연어문어&인정,연포탕,23000
육회연어문어&인정,나가사끼짬뽕탕,19000
서해수산활어직판장-학동점,우럭,15000
서해수산활어직판장-학동점,광어,20000
서해수산활어직판장-학동점,참돔,25000
서해수산활어직판장-학동점,농어,25000
서해수산활어직판장-학동점,문어숙회,30000
가매초밥-문화전당지점,흰살초밥 10p,17000
가매초밥-문화전당지점,연어초밥 10p,17000
가매초밥-문화전당지점,참치초밥 10p,17001
가매초밥-문화전당지점,스테이크초밥 8p,17002
가매초밥-문화전당지점,광어회,30000
어장관리수,참치회,38000
어장관리수,활어사시미,38000
어장관리수,활어초밥 10p,18000
어장관리수,참치초밥 10p,18000
어장관리수,회덮밥,12000
어장관리수,장어덮밥,15000
회뜰날-광주점,가리비찜 小,35000
회뜰날-광주점,광어회 中,35000
회뜰날-광주점,우럭회 中,45000
회뜰날-광주점,새꼬시회 中,35000
회뜰날-광주점,생연어회,35000
회뜰날-광주점,꽃게찜 小,35000
봉선시장금강활어,참돔,60000
봉선시장금강활어,광어,35000
봉선시장금강활어,우럭,35000
봉선시장금강활어,낙지탕탕이,35000
봉선시장금강활어,육회탕탕이,35000
회세일포장마차,광어,25000
회세일포장마차,우럭,25000
회세일포장마차,전어,20000
회세일포장마차,숭어,20000
명품수산,물회,12000
명품수산,농어,40000
명품수산,활민어,70000
올돌목초밥&참치,스테이크초밥,16000
올돌목초밥&참치,장어초밥,18000
올돌목초밥&참치,초새우초밥,9900
올돌목초밥&참치,초소라초밥,9900
올돌목초밥&참치,간장새우초밥 (5p),6000
올돌목초밥&참치,유부초밥 (5p),4000
